shipment_id,order_date,origin,destination,carrier,distance_km,weight_kg,shipping_cost,planned_days,actual_days,status
SHP-001409,2025-01-01,Berlin,Frankfurt,DHL,250,78.9,132.06,2,2,On time
SHP-001949,2025-01-01,Leipzig,Cologne,UPS,559,30.8,229.81,2,3,Delayed
SHP-002316,2025-01-01,Munich,Frankfurt,Kuehne+Nagel,338,628.4,266.64,2,2,On time
SHP-002259,2025-01-01,Berlin,Munich,DB Schenker,473,127.0,203.32,2,3,Delayed
SHP-001996,2025-01-01,Munich,Berlin,DB Schenker,625,14.6,300.35,3,3,On time
SHP-002442,2025-01-01,Frankfurt,Munich,UPS,468,243.4,256.49,2,2,On time
SHP-001488,2025-01-01,Munich,Frankfurt,Kuehne+Nagel,141,168.1,158.93,1,1,On time
SHP-001482,2025-01-01,Munich,Leipzig,UPS,156,25.4,91.32,1,1,On time
SHP-000773,2025-01-02,Cologne,Berlin,UPS,647,393.7,354.69,3,3,On time
SHP-001237,2025-01-02,Munich,Hamburg,UPS,409,81.7,199.47,2,2,On time
SHP-000381,2025-01-02,Frankfurt,Leipzig,DB Schenker,115,293.4,64.34,1,1,On time
SHP-000901,2025-01-02,Frankfurt,Berlin,DB Schenker,788,89.3,344.22,3,4,Delayed
SHP-001739,2025-01-02,Berlin,Leipzig,DHL,740,72.1,342.92,3,3,On time
SHP-001622,2025-01-02,Berlin,Berlin,DHL,902,69.7,422.63,3,3,On time
SHP-001913,2025-01-02,Munich,Munich,Kuehne+Nagel,370,52.7,162.64,2,3,Delayed
SHP-000846,2025-01-02,Leipzig,Hamburg,Kuehne+Nagel,741,90.7,336.12,3,4,Delayed
SHP-001294,2025-01-02,Hamburg,Hamburg,Kuehne+Nagel,650,51.6,297.51,3,4,Delayed
SHP-001550,2025-01-02,Frankfurt,Frankfurt,DB Schenker,477,44.3,209.15,2,2,On time
SHP-000845,2025-01-02,Berlin,Berlin,Kuehne+Nagel,547,62.6,269.84,2,2,On time
SHP-001190,2025-01-03,Frankfurt,Hamburg,DHL,225,28.0,116.79,1,3,Delayed
SHP-002401,2025-01-03,Leipzig,Frankfurt,DHL,380,145.0,218.43,2,2,On time
SHP-000575,2025-01-03,Leipzig,Frankfurt,UPS,585,29.4,252.39,2,2,On time
SHP-000465,2025-01-03,Hamburg,Cologne,UPS,718,51.2,320.01,3,3,On time
SHP-001279,2025-01-03,Leipzig,Cologne,UPS,937,68.3,408.99,3,4,Delayed
SHP-002202,2025-01-03,Munich,Frankfurt,DB Schenker,128,41.5,75.81,1,2,Delayed
SHP-000707,2025-01-03,Frankfurt,Cologne,UPS,949,100.9,422.44,3,3,On time
SHP-000104,2025-01-03,Munich,Leipzig,DHL,569,107.2,260.81,2,2,On time
SHP-001763,2025-01-04,Cologne,Berlin,Kuehne+Nagel,333,171.0,174.23,2,4,Delayed
SHP-002443,2025-01-04,Munich,Frankfurt,DB Schenker,808,64.8,387.96,3,3,On time
SHP-001175,2025-01-04,Hamburg,Cologne,DB Schenker,642,94.3,305.62,3,5,Delayed
SHP-001807,2025-01-04,Berlin,Hamburg,DB Schenker,723,105.8,332.71,3,3,On time
SHP-001532,2025-01-04,Leipzig,Berlin,DB Schenker,534,60.9,255.53,2,2,On time
SHP-001070,2025-01-04,Hamburg,Berlin,DHL,294,58.7,147.86,2,2,On time
SHP-000303,2025-01-04,Munich,Berlin,DB Schenker,940,65.0,432.45,3,3,On time
SHP-000801,2025-01-05,Munich,Cologne,DB Schenker,633,39.1,297.56,3,4,Delayed
SHP-000790,2025-01-05,Leipzig,Cologne,DHL,241,111.0,121.73,1,2,Delayed
SHP-001682,2025-01-05,Frankfurt,Leipzig,Kuehne+Nagel,394,58.7,210.81,2,2,On time
SHP-001038,2025-01-06,Frankfurt,Berlin,UPS,195,196.9,106.65,1,1,On time
SHP-000889,2025-01-06,Leipzig,Munich,Kuehne+Nagel,331,76.9,150.23,2,2,On time
SHP-000839,2025-01-06,Frankfurt,Berlin,UPS,826,42.3,355.74,3,4,Delayed
SHP-001121,2025-01-06,Frankfurt,Munich,Kuehne+Nagel,946,126.2,437.08,3,3,On time
SHP-000410,2025-01-06,Leipzig,Hamburg,UPS,382,240.2,224.29,2,2,On time
SHP-001624,2025-01-07,Munich,Leipzig,Kuehne+Nagel,311,14.0,155.66,2,2,On time
SHP-001652,2025-01-07,Berlin,Frankfurt,Kuehne+Nagel,541,136.1,265.99,2,2,On time
SHP-000478,2025-01-07,Frankfurt,Berlin,Kuehne+Nagel,860,45.5,355.8,3,4,Delayed
SHP-001594,2025-01-07,Frankfurt,Berlin,Kuehne+Nagel,467,64.7,256.27,2,4,Delayed
SHP-001366,2025-01-07,Cologne,Frankfurt,UPS,755,58.6,342.14,3,3,On time
SHP-000415,2025-01-07,Leipzig,Hamburg,DB Schenker,434,24.5,184.92,2,3,Delayed
SHP-000540,2025-01-08,Frankfurt,Berlin,Kuehne+Nagel,251,52.7,133.58,2,2,On time
SHP-002090,2025-01-08,Hamburg,Cologne,DB Schenker,340,97.0,164.85,2,2,On time
SHP-002171,2025-01-08,Cologne,Munich,DHL,163,8.9,96.89,1,1,On time
SHP-001529,2025-01-08,Berlin,Frankfurt,UPS,680,44.6,315.2,3,3,On time
SHP-000300,2025-01-08,Frankfurt,Frankfurt,DB Schenker,425,175.9,238.69,2,2,On time
SHP-000233,2025-01-08,Cologne,Munich,DHL,890,19.5,409.36,3,3,On time
SHP-001783,2025-01-09,Frankfurt,Leipzig,DB Schenker,227,44.6,107.86,1,3,Delayed
SHP-000821,2025-01-09,Cologne,Berlin,DHL,153,9.4,66.29,1,1,On time
SHP-000272,2025-01-09,Hamburg,Cologne,DHL,115,83.2,61.33,1,2,Delayed
SHP-002261,2025-01-09,Frankfurt,Munich,Kuehne+Nagel,921,101.2,397.38,3,3,On time
SHP-001167,2025-01-09,Leipzig,Frankfurt,UPS,592,47.7,285.48,2,3,Delayed
SHP-000369,2025-01-09,Munich,Munich,Kuehne+Nagel,828,74.1,366.87,3,3,On time
SHP-000170,2025-01-09,Munich,Cologne,DHL,918,44.3,409.48,3,3,On time
SHP-001744,2025-01-09,Hamburg,Berlin,Kuehne+Nagel,108,361.9,109.86,1,2,Delayed
SHP-002138,2025-01-09,Cologne,Hamburg,DHL,511,193.6,236.61,2,2,On time
SHP-000454,2025-01-10,Leipzig,Leipzig,Kuehne+Nagel,459,135.2,220.44,2,2,On time
SHP-002223,2025-01-10,Cologne,Munich,UPS,902,295.8,436.49,3,3,On time
SHP-000429,2025-01-10,Berlin,Cologne,DB Schenker,241,80.5,121.94,1,1,On time
SHP-002469,2025-01-10,Munich,Frankfurt,UPS,112,180.8,113.53,1,1,On time
SHP-001180,2025-01-10,Hamburg,Frankfurt,UPS,718,335.8,381.24,3,3,On time
SHP-001399,2025-01-10,Munich,Leipzig,UPS,344,78.6,188.91,2,2,On time
SHP-002329,2025-01-10,Hamburg,Berlin,UPS,878,61.7,432.32,3,3,On time
SHP-002410,2025-01-10,Leipzig,Cologne,DHL,623,182.9,328.96,3,5,Delayed
SHP-001300,2025-01-11,Munich,Frankfurt,UPS,127,56.0,73.33,1,1,On time
SHP-000830,2025-01-11,Leipzig,Leipzig,DHL,878,31.5,390.01,3,3,On time
SHP-001493,2025-01-11,Leipzig,Frankfurt,Kuehne+Nagel,202,77.6,84.3,1,1,On time
SHP-001944,2025-01-11,Hamburg,Munich,DHL,473,244.1,249.85,2,2,On time
SHP-001590,2025-01-11,Hamburg,Hamburg,DHL,933,83.2,402.57,3,3,On time
SHP-000138,2025-01-12,Berlin,Frankfurt,Kuehne+Nagel,726,95.1,337.6,3,4,Delayed
SHP-001536,2025-01-12,Hamburg,Cologne,Kuehne+Nagel,107,60.8,69.13,1,2,Delayed
SHP-000787,2025-01-12,Hamburg,Leipzig,Kuehne+Nagel,193,32.9,87.0,1,1,On time
SHP-002499,2025-01-12,Leipzig,Frankfurt,DHL,670,65.3,332.54,3,3,On time
SHP-000385,2025-01-12,Berlin,Cologne,Kuehne+Nagel,389,37.1,203.45,2,3,Delayed
SHP-002263,2025-01-12,Berlin,Leipzig,UPS,165,40.2,108.83,1,1,On time
SHP-001869,2025-01-12,Hamburg,Munich,DHL,886,72.1,419.07,3,4,Delayed
SHP-000147,2025-01-13,Frankfurt,Hamburg,Kuehne+Nagel,573,104.8,297.29,2,2,On time
SHP-002322,2025-01-13,Hamburg,Munich,DB Schenker,673,163.2,312.69,3,4,Delayed
SHP-000663,2025-01-13,Frankfurt,Munich,DB Schenker,219,27.9,122.23,1,2,Delayed
SHP-001683,2025-01-13,Hamburg,Berlin,Kuehne+Nagel,167,62.8,93.48,1,3,Delayed
SHP-001266,2025-01-14,Leipzig,Munich,DHL,435,121.7,201.41,2,2,On time
SHP-001446,2025-01-14,Cologne,Cologne,DB Schenker,717,25.5,308.28,3,3,On time
SHP-000970,2025-01-14,Frankfurt,Munich,DHL,833,77.4,361.45,3,4,Delayed
SHP-001909,2025-01-14,Leipzig,Cologne,Kuehne+Nagel,306,34.1,170.8,2,2,On time
SHP-000328,2025-01-14,Hamburg,Cologne,UPS,900,65.2,430.72,3,3,On time
SHP-000844,2025-01-14,Leipzig,Berlin,DB Schenker,618,34.1,306.59,3,4,Delayed
SHP-000117,2025-01-14,Frankfurt,Munich,Kuehne+Nagel,943,199.6,434.07,3,4,Delayed
SHP-002038,2025-01-15,Leipzig,Cologne,UPS,709,87.5,330.93,3,3,On time
SHP-001452,2025-01-15,Hamburg,Frankfurt,DHL,271,282.4,137.21,2,4,Delayed
SHP-001240,2025-01-15,Hamburg,Leipzig,DHL,804,90.1,376.37,3,3,On time
SHP-000870,2025-01-15,Leipzig,Munich,Kuehne+Nagel,182,140.8,112.2,1,1,On time
SHP-002203,2025-01-15,Munich,Munich,UPS,553,83.7,302.51,2,2,On time
SHP-002339,2025-01-16,Hamburg,Leipzig,Kuehne+Nagel,820,77.6,376.14,3,3,On time
SHP-000562,2025-01-16,Berlin,Cologne,Kuehne+Nagel,348,163.2,193.94,2,3,Delayed
SHP-001871,2025-01-16,Cologne,Hamburg,Kuehne+Nagel,565,116.7,279.44,2,2,On time
SHP-000902,2025-01-16,Munich,Cologne,DHL,878,84.2,429.44,3,3,On time
SHP-000817,2025-01-16,Frankfurt,Hamburg,DHL,629,94.4,297.13,3,3,On time
SHP-000250,2025-01-16,Cologne,Berlin,Kuehne+Nagel,927,150.8,458.97,3,4,Delayed
SHP-000056,2025-01-16,Frankfurt,Leipzig,UPS,169,88.8,98.86,1,2,Delayed
SHP-001019,2025-01-16,Frankfurt,Frankfurt,DHL,669,106.5,349.68,3,4,Delayed
SHP-001099,2025-01-16,Cologne,Cologne,DHL,327,60.4,158.97,2,3,Delayed
SHP-001806,2025-01-17,Munich,Hamburg,UPS,750,53.2,310.59,3,4,Delayed
SHP-000352,2025-01-17,Frankfurt,Cologne,DB Schenker,420,60.8,202.64,2,2,On time
SHP-002371,2025-01-17,Hamburg,Berlin,DB Schenker,245,302.1,166.8,1,1,On time
SHP-000811,2025-01-17,Munich,Frankfurt,Kuehne+Nagel,526,45.3,240.3,2,2,On time
SHP-001110,2025-01-17,Leipzig,Berlin,DB Schenker,667,61.0,332.09,3,5,Delayed
SHP-000397,2025-01-17,Munich,Hamburg,DB Schenker,654,113.9,299.47,3,4,Delayed
SHP-001518,2025-01-18,Cologne,Berlin,DHL,212,52.4,137.62,1,1,On time
SHP-001270,2025-01-18,Munich,Berlin,DHL,370,38.6,216.62,2,2,On time
SHP-001463,2025-01-18,Cologne,Frankfurt,Kuehne+Nagel,651,33.8,265.31,3,4,Delayed
SHP-001526,2025-01-18,Berlin,Munich,UPS,201,86.9,98.22,1,1,On time
SHP-001781,2025-01-18,Cologne,Frankfurt,DHL,496,99.3,238.65,2,2,On time
SHP-000574,2025-01-18,Leipzig,Frankfurt,Kuehne+Nagel,760,15.9,325.82,3,4,Delayed
SHP-001286,2025-01-18,Leipzig,Leipzig,Kuehne+Nagel,561,124.7,271.3,2,2,On time
SHP-001642,2025-01-19,Munich,Berlin,DHL,827,20.3,401.87,3,3,On time
SHP-001653,2025-01-19,Frankfurt,Berlin,Kuehne+Nagel,873,102.2,375.29,3,3,On time
SHP-001976,2025-01-19,Hamburg,Munich,DHL,358,130.8,174.11,2,2,On time
SHP-002278,2025-01-19,Cologne,Cologne,Kuehne+Nagel,730,56.4,321.43,3,3,On time
SHP-000848,2025-01-19,Berlin,Berlin,DB Schenker,191,111.7,109.81,1,3,Delayed
SHP-000699,2025-01-19,Leipzig,Munich,DB Schenker,931,54.7,394.28,3,5,Delayed
SHP-000584,2025-01-19,Hamburg,Munich,DB Schenker,289,90.4,120.3,2,2,On time
SHP-001453,2025-01-19,Hamburg,Berlin,DHL,713,45.7,332.33,3,4,Delayed
SHP-002412,2025-01-19,Berlin,Cologne,Kuehne+Nagel,547,45.5,239.32,2,2,On time
SHP-001464,2025-01-19,Leipzig,Hamburg,Kuehne+Nagel,409,24.0,173.42,2,3,Delayed
SHP-000546,2025-01-20,Cologne,Cologne,DB Schenker,848,249.8,416.13,3,3,On time
SHP-000898,2025-01-20,Cologne,Munich,UPS,915,132.5,422.91,3,4,Delayed
SHP-001983,2025-01-20,Cologne,Hamburg,DHL,807,64.0,377.56,3,3,On time
SHP-000887,2025-01-20,Berlin,Frankfurt,DB Schenker,753,17.9,370.44,3,5,Delayed
SHP-002314,2025-01-20,Cologne,Berlin,DHL,563,48.9,294.24,2,2,On time
SHP-001801,2025-01-21,Leipzig,Leipzig,DHL,320,86.6,168.66,2,2,On time
SHP-001021,2025-01-21,Cologne,Munich,Kuehne+Nagel,798,204.8,416.26,3,3,On time
SHP-002488,2025-01-21,Cologne,Cologne,DHL,883,110.2,439.6,3,4,Delayed
SHP-001979,2025-01-21,Munich,Hamburg,UPS,836,34.7,375.77,3,3,On time
SHP-001026,2025-01-21,Berlin,Frankfurt,UPS,264,58.7,124.19,2,3,Delayed
SHP-000542,2025-01-21,Cologne,Cologne,Kuehne+Nagel,333,242.1,177.11,2,2,On time
SHP-001267,2025-01-21,Cologne,Cologne,DB Schenker,670,66.0,272.8,3,4,Delayed
SHP-000858,2025-01-21,Frankfurt,Frankfurt,DB Schenker,842,153.2,382.61,3,3,On time
SHP-000150,2025-01-22,Frankfurt,Hamburg,Kuehne+Nagel,367,39.8,204.03,2,2,On time
SHP-001136,2025-01-22,Munich,Hamburg,DHL,491,344.1,249.84,2,2,On time
SHP-002460,2025-01-22,Munich,Cologne,UPS,901,186.9,432.54,3,3,On time
SHP-001615,2025-01-22,Leipzig,Cologne,DHL,333,88.6,179.86,2,2,On time
SHP-001470,2025-01-23,Berlin,Munich,Kuehne+Nagel,618,61.4,259.46,3,4,Delayed
SHP-001351,2025-01-23,Berlin,Berlin,UPS,718,21.2,318.0,3,3,On time
SHP-000619,2025-01-23,Munich,Hamburg,DB Schenker,100,59.3,61.93,1,2,Delayed
SHP-001889,2025-01-23,Munich,Berlin,UPS,373,113.6,159.82,2,2,On time
SHP-002373,2025-01-23,Cologne,Munich,DB Schenker,131,113.9,73.89,1,2,Delayed
SHP-001411,2025-01-23,Munich,Leipzig,UPS,282,31.1,148.94,2,2,On time
SHP-002002,2025-01-23,Cologne,Frankfurt,DHL,544,74.8,282.56,2,2,On time
SHP-000279,2025-01-24,Hamburg,Munich,UPS,418,47.5,190.75,2,2,On time
SHP-002129,2025-01-24,Frankfurt,Hamburg,DB Schenker,743,161.3,334.31,3,3,On time
SHP-002331,2025-01-24,Munich,Frankfurt,UPS,383,39.0,226.04,2,2,On time
SHP-001456,2025-01-24,Munich,Munich,UPS,900,121.1,401.77,3,3,On time
SHP-000036,2025-01-24,Berlin,Berlin,UPS,931,38.1,412.76,3,4,Delayed
SHP-000518,2025-01-25,Hamburg,Berlin,DHL,267,42.4,147.64,2,2,On time
SHP-002440,2025-01-25,Berlin,Munich,Kuehne+Nagel,374,56.7,158.9,2,2,On time
SHP-001769,2025-01-25,Berlin,Frankfurt,DHL,119,67.4,54.33,1,2,Delayed
SHP-002312,2025-01-25,Leipzig,Munich,Kuehne+Nagel,295,139.9,158.37,2,2,On time
SHP-001035,2025-01-25,Hamburg,Berlin,Kuehne+Nagel,156,50.7,71.28,1,1,On time
SHP-000045,2025-01-25,Frankfurt,Munich,UPS,780,135.8,369.83,3,3,On time
SHP-000387,2025-01-25,Hamburg,Leipzig,UPS,891,152.6,387.8,3,3,On time
SHP-001362,2025-01-25,Hamburg,Munich,UPS,640,83.0,297.05,3,4,Delayed
SHP-002232,2025-01-26,Munich,Leipzig,UPS,676,134.2,980.3919999999999,3,4,Delayed
SHP-000899,2025-01-26,Munich,Cologne,Kuehne+Nagel,86,24.5,77.96,1,1,On time
SHP-001953,2025-01-27,Berlin,Frankfurt,UPS,495,34.4,246.07,2,2,On time
SHP-002025,2025-01-27,Cologne,Cologne,DHL,776,92.2,345.32,3,3,On time
SHP-001022,2025-01-27,Leipzig,Munich,Kuehne+Nagel,368,17.8,178.45,2,2,On time
SHP-000659,2025-01-27,Berlin,Berlin,DB Schenker,661,69.9,306.11,3,3,On time
SHP-001834,2025-01-27,Berlin,Munich,DB Schenker,857,35.9,369.44,3,4,Delayed
SHP-001055,2025-01-28,Frankfurt,Munich,UPS,440,61.4,217.5,2,3,Delayed
SHP-001911,2025-01-28,Cologne,Berlin,Kuehne+Nagel,184,138.8,141.78,1,1,On time
SHP-001253,2025-01-28,Hamburg,Leipzig,Kuehne+Nagel,915,33.2,416.87,3,5,Delayed
SHP-000069,2025-01-28,Berlin,Leipzig,UPS,409,80.9,206.71,2,3,Delayed
SHP-001215,2025-01-28,Leipzig,Hamburg,DHL,711,74.5,383.71,3,3,On time
SHP-000217,2025-01-29,Leipzig,Leipzig,UPS,457,56.8,231.62,2,2,On time
SHP-002479,2025-01-29,Cologne,Cologne,DHL,883,25.5,384.71,3,3,On time
SHP-001027,2025-01-29,Cologne,Berlin,DB Schenker,195,167.6,117.44,1,1,On time
SHP-001588,2025-01-29,Munich,Berlin,Kuehne+Nagel,888,115.1,408.39,3,5,Delayed
SHP-001571,2025-01-29,Frankfurt,Munich,DHL,164,228.5,121.6,1,1,On time
SHP-000127,2025-01-29,Berlin,Hamburg,DHL,931,222.5,471.43,3,4,Delayed
SHP-000439,2025-01-30,Berlin,Leipzig,DHL,865,73.6,379.84,3,3,On time
SHP-001096,2025-01-30,Hamburg,Cologne,Kuehne+Nagel,332,96.0,179.21,2,2,On time
SHP-001851,2025-01-30,Munich,Berlin,Kuehne+Nagel,609,60.6,274.36,3,5,Delayed
SHP-000246,2025-01-31,Cologne,Munich,Kuehne+Nagel,432,34.0,184.22,2,2,On time
SHP-001122,2025-01-31,Berlin,Cologne,UPS,273,30.2,115.55,2,2,On time
SHP-001256,2025-01-31,Cologne,Hamburg,Kuehne+Nagel,359,37.8,139.24,2,2,On time
SHP-000678,2025-01-31,Leipzig,Hamburg,Kuehne+Nagel,337,111.0,191.06,2,3,Delayed
SHP-001361,2025-01-31,Munich,Leipzig,UPS,553,39.5,276.09,2,3,Delayed
SHP-000280,2025-01-31,Cologne,Munich,DHL,119,55.8,73.7,1,1,On time
SHP-001328,2025-01-31,Berlin,Frankfurt,DB Schenker,558,111.0,266.54,2,3,Delayed
SHP-000431,2025-01-31,Cologne,Leipzig,UPS,231,27.3,141.59,1,1,On time
SHP-002366,2025-02-01,Berlin,Berlin,DB Schenker,589,55.1,295.82,2,3,Delayed
SHP-000196,2025-02-01,Munich,Leipzig,Kuehne+Nagel,401,69.0,183.97,2,2,On time
SHP-000753,2025-02-01,Munich,Cologne,DHL,215,158.9,121.8,1,2,Delayed
SHP-000881,2025-02-01,Cologne,Munich,DB Schenker,803,114.3,373.29,3,5,Delayed
SHP-000007,2025-02-01,Leipzig,Munich,DB Schenker,480,110.6,173.77,2,2,On time
SHP-002317,2025-02-01,Leipzig,Cologne,Kuehne+Nagel,839,92.4,377.73,3,4,Delayed
SHP-000695,2025-02-02,Hamburg,Hamburg,Kuehne+Nagel,723,63.9,332.64,3,5,Delayed
SHP-001809,2025-02-02,Berlin,Berlin,DB Schenker,778,40.7,383.58,3,3,On time
SHP-000728,2025-02-02,Frankfurt,Frankfurt,DB Schenker,409,75.9,194.55,2,4,Delayed
SHP-001531,2025-02-02,Cologne,Hamburg,UPS,551,93.2,279.31,2,2,On time
SHP-001543,2025-02-02,Leipzig,Munich,UPS,740,180.8,371.54,3,4,Delayed
SHP-001721,2025-02-02,Frankfurt,Berlin,Kuehne+Nagel,177,31.4,107.09,1,1,On time
SHP-000001,2025-02-02,Leipzig,Berlin,DHL,688,55.6,306.8,3,4,Delayed
SHP-000172,2025-02-02,Munich,Munich,DB Schenker,824,148.1,390.63,3,3,On time
SHP-001931,2025-02-02,Cologne,Munich,DB Schenker,881,23.7,368.49,3,3,On time
SHP-001633,2025-02-03,Frankfurt,Cologne,Kuehne+Nagel,715,54.8,326.14,3,4,Delayed
SHP-002033,2025-02-03,Leipzig,Leipzig,Kuehne+Nagel,692,130.1,332.38,3,3,On time
SHP-000359,2025-02-03,Berlin,Leipzig,DHL,710,38.8,302.07,3,3,On time
SHP-002340,2025-02-03,Berlin,Frankfurt,DB Schenker,890,22.9,410.69,3,3,On time
SHP-000910,2025-02-03,Hamburg,Frankfurt,DHL,492,9.7,215.84,2,2,On time
SHP-000826,2025-02-03,Frankfurt,Berlin,UPS,761,57.7,330.76,3,4,Delayed
SHP-000033,2025-02-03,Frankfurt,Cologne,DB Schenker,884,130.5,377.13,3,4,Delayed
SHP-000133,2025-02-03,Cologne,Cologne,DB Schenker,874,190.5,392.13,3,4,Delayed
SHP-002082,2025-02-03,Frankfurt,Frankfurt,DHL,925,84.9,433.01,3,5,Delayed
SHP-000791,2025-02-04,Cologne,Munich,DHL,431,167.8,241.78,2,2,On time
SHP-000581,2025-02-04,Hamburg,Hamburg,DB Schenker,462,128.0,197.14,2,2,On time
SHP-002266,2025-02-04,Frankfurt,Hamburg,UPS,211,48.4,105.12,1,1,On time
SHP-000951,2025-02-04,Cologne,Cologne,DHL,492,37.4,227.34,2,2,On time
SHP-001690,2025-02-04,Cologne,Hamburg,DHL,863,46.7,399.85,3,3,On time
SHP-000376,2025-02-04,Leipzig,Leipzig,UPS,528,92.2,242.72,2,3,Delayed
SHP-000243,2025-02-04,Munich,Hamburg,DB Schenker,525,193.5,260.0,2,2,On time
SHP-000010,2025-02-04,Leipzig,Cologne,DB Schenker,186,78.8,127.42,1,2,Delayed
SHP-002453,2025-02-04,Frankfurt,Leipzig,UPS,761,92.9,357.95,3,3,On time
SHP-000674,2025-02-04,Cologne,Leipzig,DHL,379,28.9,580.216,2,2,On time
SHP-000700,2025-02-04,Leipzig,Leipzig,DHL,310,97.4,165.13,2,2,On time
SHP-000977,2025-02-04,Hamburg,Berlin,DB Schenker,556,163.7,276.64,2,2,On time
SHP-002306,2025-02-05,Frankfurt,Hamburg,DB Schenker,735,88.9,338.64,3,3,On time
SHP-000087,2025-02-05,Leipzig,Cologne,DB Schenker,401,88.5,194.62,2,3,Delayed
SHP-000218,2025-02-05,Hamburg,Berlin,DHL,680,25.2,275.55,3,3,On time
SHP-001842,2025-02-05,Frankfurt,Berlin,DB Schenker,443,44.3,216.01,2,2,On time
SHP-001880,2025-02-06,Berlin,Munich,Kuehne+Nagel,888,52.9,407.05,3,4,Delayed
SHP-001738,2025-02-06,Leipzig,Berlin,Kuehne+Nagel,174,431.3,191.96,1,3,Delayed
SHP-001788,2025-02-06,Munich,Berlin,DHL,781,211.8,381.15,3,4,Delayed
SHP-000891,2025-02-06,Leipzig,Frankfurt,DHL,300,61.2,140.2,2,2,On time
SHP-002472,2025-02-06,Frankfurt,Munich,Kuehne+Nagel,413,70.9,195.18,2,2,On time
SHP-002321,2025-02-06,Berlin,Berlin,DHL,549,35.1,267.41,2,2,On time
SHP-000588,2025-02-06,Frankfurt,Hamburg,Kuehne+Nagel,233,96.3,170.24,1,1,On time
SHP-000258,2025-02-07,Berlin,Frankfurt,UPS,631,179.4,302.35,3,3,On time
SHP-001450,2025-02-07,Cologne,Leipzig,Kuehne+Nagel,232,22.2,125.18,1,2,Delayed
SHP-001289,2025-02-07,Berlin,Frankfurt,UPS,929,77.7,410.73,3,5,Delayed
SHP-001359,2025-02-07,Leipzig,Cologne,DHL,363,154.0,213.77,2,2,On time
SHP-000580,2025-02-07,Leipzig,Munich,Kuehne+Nagel,469,74.4,217.09,2,4,Delayed
SHP-002423,2025-02-07,Leipzig,Hamburg,DHL,562,370.6,360.4,2,2,On time
SHP-001436,2025-02-07,Leipzig,Cologne,DHL,818,211.7,414.39,3,4,Delayed
SHP-001855,2025-02-08,Munich,Frankfurt,UPS,500,52.9,242.05,2,2,On time
SHP-002265,2025-02-08,Cologne,Berlin,UPS,459,101.5,220.55,2,2,On time
SHP-002177,2025-02-08,Cologne,Leipzig,DHL,563,77.5,299.99,2,3,Delayed
SHP-001827,2025-02-08,Munich,Frankfurt,UPS,819,99.1,366.46,3,3,On time
SHP-000583,2025-02-08,Hamburg,Hamburg,Kuehne+Nagel,320,39.2,158.85,2,4,Delayed
SHP-001166,2025-02-08,Cologne,Berlin,DHL,472,41.5,202.23,2,2,On time
SHP-002475,2025-02-08,Munich,Munich,DB Schenker,777,57.2,379.26,3,4,Delayed
SHP-000171,2025-02-08,Cologne,Berlin,UPS,768,73.3,360.18,3,3,On time
SHP-000818,2025-02-08,Hamburg,Munich,DHL,427,246.9,215.96,2,2,On time
SHP-001730,2025-02-08,Cologne,Frankfurt,DHL,92,50.2,79.92,1,2,Delayed
SHP-000516,2025-02-08,Frankfurt,Frankfurt,DHL,479,72.2,220.71,2,2,On time
SHP-000460,2025-02-08,Munich,Leipzig,UPS,495,76.0,252.88,2,2,On time
SHP-001272,2025-02-09,Munich,Munich,DHL,367,102.9,177.11,2,2,On time
SHP-000310,2025-02-09,Berlin,Hamburg,Kuehne+Nagel,244,30.0,135.45,1,2,Delayed
SHP-000480,2025-02-09,Berlin,Berlin,UPS,493,144.6,226.47,2,3,Delayed
SHP-001227,2025-02-09,Munich,Leipzig,UPS,175,112.8,102.67,1,3,Delayed
SHP-000322,2025-02-09,Hamburg,Hamburg,DHL,802,274.4,380.86,3,4,Delayed
SHP-001867,2025-02-10,Cologne,Hamburg,Kuehne+Nagel,224,76.1,154.16,1,1,On time
SHP-002244,2025-02-10,Munich,Leipzig,Kuehne+Nagel,364,47.2,155.03,2,2,On time
SHP-001466,2025-02-10,Cologne,Munich,DB Schenker,820,453.4,466.08,3,4,Delayed
SHP-001538,2025-02-10,Munich,Leipzig,DHL,614,26.4,283.38,3,3,On time
SHP-000808,2025-02-10,Munich,Berlin,Kuehne+Nagel,197,152.1,137.86,1,1,On time
SHP-001489,2025-02-10,Munich,Frankfurt,UPS,441,99.2,208.93,2,2,On time
SHP-001484,2025-02-10,Berlin,Leipzig,DHL,666,41.8,318.39,3,3,On time
SHP-001816,2025-02-10,Frankfurt,Leipzig,UPS,320,170.6,165.91,2,3,Delayed
SHP-000873,2025-02-11,Cologne,Hamburg,DB Schenker,348,172.7,194.13,2,3,Delayed
SHP-001579,2025-02-11,Munich,Munich,UPS,294,37.9,147.38,2,2,On time
SHP-001216,2025-02-11,Munich,Leipzig,Kuehne+Nagel,329,99.7,147.91,2,2,On time
SHP-000120,2025-02-11,Frankfurt,Berlin,DB Schenker,902,36.4,414.66,3,4,Delayed
SHP-001321,2025-02-11,Munich,Leipzig,UPS,189,147.5,132.59,1,2,Delayed
SHP-000501,2025-02-11,Cologne,Hamburg,DHL,756,244.7,389.64,3,3,On time
SHP-000726,2025-02-12,Hamburg,Cologne,Kuehne+Nagel,751,123.5,354.53,3,3,On time
SHP-001020,2025-02-12,Hamburg,Munich,UPS,882,346.5,457.06,3,3,On time
SHP-002214,2025-02-12,Munich,Frankfurt,DB Schenker,505,36.3,245.28,2,3,Delayed
SHP-000538,2025-02-12,Frankfurt,Hamburg,UPS,214,89.5,123.66,1,1,On time
SHP-002215,2025-02-12,Leipzig,Berlin,UPS,104,21.8,54.58,1,1,On time
SHP-000365,2025-02-12,Cologne,Frankfurt,Kuehne+Nagel,155,45.8,120.05,1,2,Delayed
SHP-002364,2025-02-13,Munich,Munich,Kuehne+Nagel,704,70.2,354.78,3,3,On time
SHP-000497,2025-02-13,Cologne,Cologne,DHL,342,75.1,149.05,2,2,On time
SHP-001343,2025-02-13,Leipzig,Hamburg,DHL,566,280.3,318.96,2,2,On time
SHP-000313,2025-02-13,Cologne,Berlin,DB Schenker,252,129.4,150.16,2,3,Delayed
SHP-000863,2025-02-13,Hamburg,Frankfurt,DHL,120,34.6,94.35,1,1,On time
SHP-002269,2025-02-13,Hamburg,Munich,DB Schenker,178,47.6,79.19,1,1,On time
SHP-000198,2025-02-13,Leipzig,Frankfurt,Kuehne+Nagel,443,36.0,216.14,2,2,On time
SHP-001946,2025-02-13,Cologne,Leipzig,DB Schenker,442,192.6,251.0,2,3,Delayed
SHP-001050,2025-02-13,Leipzig,Berlin,UPS,635,71.4,295.42,3,3,On time
SHP-001157,2025-02-13,Berlin,Cologne,UPS,527,26.0,197.85,2,2,On time
SHP-000946,2025-02-13,Leipzig,Leipzig,DHL,699,20.2,302.53,3,3,On time
SHP-000778,2025-02-13,Munich,Frankfurt,Kuehne+Nagel,293,18.5,150.96,2,3,Delayed
SHP-000724,2025-02-13,Hamburg,Hamburg,UPS,754,30.2,355.16,3,3,On time
SHP-000386,2025-02-14,Frankfurt,Hamburg,DHL,213,153.8,102.52,1,3,Delayed
SHP-001619,2025-02-14,Cologne,Cologne,Kuehne+Nagel,260,84.4,145.44,2,2,On time
SHP-000783,2025-02-14,Hamburg,Cologne,DB Schenker,923,116.9,441.62,3,3,On time
SHP-000784,2025-02-14,Berlin,Leipzig,DHL,165,24.8,75.74,1,1,On time
SHP-001876,2025-02-14,Berlin,Frankfurt,DHL,588,79.4,279.72,2,2,On time
SHP-000418,2025-02-14,Frankfurt,Hamburg,UPS,902,731.2,520.95,3,3,On time
SHP-001928,2025-02-15,Hamburg,Leipzig,DB Schenker,499,278.3,264.85,2,4,Delayed
SHP-001238,2025-02-15,Munich,Berlin,DHL,539,52.7,234.39,2,3,Delayed
SHP-000874,2025-02-15,Berlin,Frankfurt,Kuehne+Nagel,517,131.7,248.67,2,3,Delayed
SHP-001610,2025-02-15,Hamburg,Cologne,DB Schenker,361,97.7,220.78,2,2,On time
SHP-000436,2025-02-15,Berlin,Berlin,DHL,278,144.1,173.19,2,3,Delayed
SHP-001605,2025-02-15,Cologne,Leipzig,DHL,147,143.6,94.05,1,1,On time
SHP-002080,2025-02-15,Leipzig,Leipzig,UPS,334,30.3,185.64,2,2,On time
SHP-000157,2025-02-16,Berlin,Berlin,DB Schenker,130,69.0,86.01,1,2,Delayed
SHP-001005,2025-02-16,Munich,Cologne,Kuehne+Nagel,95,22.5,96.52,1,1,On time
SHP-000759,2025-02-16,Berlin,Berlin,DHL,571,101.7,297.11,2,2,On time
SHP-000018,2025-02-16,Leipzig,Berlin,DHL,537,30.2,245.03,2,3,Delayed
SHP-001630,2025-02-16,Munich,Berlin,DHL,448,39.7,204.19,2,3,Delayed
SHP-000221,2025-02-16,Munich,Hamburg,Kuehne+Nagel,625,54.6,287.12,3,4,Delayed
SHP-001805,2025-02-16,Hamburg,Hamburg,Kuehne+Nagel,661,60.3,275.61,3,4,Delayed
SHP-002006,2025-02-17,Frankfurt,Leipzig,DHL,409,61.2,177.16,2,2,On time
SHP-001776,2025-02-17,Cologne,Berlin,DB Schenker,753,110.7,322.45,3,3,On time
SHP-002104,2025-02-17,Cologne,Cologne,UPS,738,39.9,344.9,3,3,On time
SHP-002085,2025-02-17,Cologne,Munich,UPS,590,145.7,307.0,2,2,On time
SHP-000434,2025-02-17,Leipzig,Hamburg,DB Schenker,458,99.2,227.99,2,2,On time
SHP-000945,2025-02-17,Hamburg,Cologne,Kuehne+Nagel,878,32.9,402.62,3,4,Delayed
SHP-000074,2025-02-17,Berlin,Leipzig,Kuehne+Nagel,420,20.4,238.71,2,2,On time
SHP-000705,2025-02-17,Hamburg,Leipzig,DHL,340,90.3,178.59,2,4,Delayed
SHP-002431,2025-02-18,Hamburg,Frankfurt,UPS,93,148.8,86.49,1,2,Delayed
SHP-000443,2025-02-18,Berlin,Frankfurt,UPS,743,54.7,347.23,3,3,On time
SHP-000948,2025-02-18,Leipzig,Frankfurt,UPS,570,33.6,255.31,2,2,On time
SHP-001895,2025-02-18,Leipzig,Berlin,Kuehne+Nagel,522,16.0,252.84,2,4,Delayed
SHP-001645,2025-02-18,Leipzig,Berlin,UPS,192,406.4,170.52,1,1,On time
SHP-001926,2025-02-18,Hamburg,Cologne,DHL,839,47.4,361.94,3,5,Delayed
SHP-000414,2025-02-18,Leipzig,Hamburg,UPS,276,37.8,160.69,2,3,Delayed
SHP-000670,2025-02-18,Frankfurt,Berlin,DHL,607,129.2,270.77,3,3,On time
SHP-002207,2025-02-19,Hamburg,Cologne,Kuehne+Nagel,489,101.5,220.55,2,2,On time
SHP-001819,2025-02-19,Munich,Berlin,Kuehne+Nagel,821,44.6,391.42,3,3,On time
SHP-000823,2025-02-19,Cologne,Cologne,Kuehne+Nagel,764,58.3,330.59,3,3,On time
SHP-001342,2025-02-19,Frankfurt,Leipzig,Kuehne+Nagel,509,76.1,258.27,2,2,On time
SHP-002480,2025-02-19,Frankfurt,Cologne,Kuehne+Nagel,609,171.0,293.75,3,3,On time
SHP-001358,2025-02-19,Leipzig,Berlin,DHL,96,92.4,66.98,1,1,On time
SHP-000604,2025-02-19,Munich,Hamburg,UPS,461,214.4,220.51,2,3,Delayed
SHP-002378,2025-02-20,Berlin,Munich,UPS,460,47.5,223.87,2,3,Delayed
SHP-001528,2025-02-20,Berlin,Leipzig,Kuehne+Nagel,463,263.9,256.84,2,2,On time
SHP-000682,2025-02-20,Berlin,Frankfurt,DHL,249,100.5,108.37,1,2,Delayed
SHP-000721,2025-02-20,Leipzig,Cologne,DB Schenker,688,38.2,298.37,3,4,Delayed
SHP-001836,2025-02-20,Cologne,Hamburg,Kuehne+Nagel,450,11.0,205.07,2,3,Delayed
SHP-002210,2025-02-20,Munich,Cologne,DB Schenker,450,69.2,222.39,2,3,Delayed
SHP-002108,2025-02-20,Munich,Berlin,DHL,502,96.4,227.56,2,2,On time
SHP-002234,2025-02-20,Berlin,Munich,Kuehne+Nagel,309,32.4,140.01,2,3,Delayed
SHP-001445,2025-02-20,Berlin,Frankfurt,UPS,193,29.6,104.16,1,2,Delayed
SHP-000100,2025-02-21,Munich,Hamburg,Kuehne+Nagel,418,51.1,177.52,2,2,On time
SHP-000329,2025-02-21,Leipzig,Frankfurt,DHL,624,53.5,267.51,3,3,On time
SHP-000241,2025-02-21,Leipzig,Berlin,Kuehne+Nagel,241,19.7,130.71,1,1,On time
SHP-000118,2025-02-21,Munich,Hamburg,DHL,125,260.3,117.88,1,1,On time
SHP-000462,2025-02-21,Leipzig,Hamburg,DHL,446,74.8,226.14,2,2,On time
SHP-000769,2025-02-21,Berlin,Berlin,DHL,196,158.0,130.12,1,2,Delayed
SHP-001187,2025-02-21,Frankfurt,Berlin,Kuehne+Nagel,171,45.2,97.41,1,1,On time
SHP-000620,2025-02-21,Berlin,Berlin,DB Schenker,834,73.9,387.89,3,5,Delayed
SHP-001090,2025-02-21,Cologne,Hamburg,Kuehne+Nagel,871,27.1,378.6,3,5,Delayed
SHP-000306,2025-02-21,Hamburg,Hamburg,DHL,922,54.9,424.29,3,3,On time
SHP-002302,2025-02-22,Hamburg,Frankfurt,Kuehne+Nagel,598,29.3,305.26,2,2,On time
SHP-000834,2025-02-22,Berlin,Cologne,DB Schenker,818,54.6,393.82,3,4,Delayed
SHP-000408,2025-02-22,Berlin,Frankfurt,UPS,905,88.5,400.96,3,3,On time
SHP-000924,2025-02-22,Munich,Munich,UPS,413,80.9,201.25,2,2,On time
SHP-001612,2025-02-22,Munich,Berlin,DHL,497,125.9,229.92,2,2,On time
SHP-000528,2025-02-22,Leipzig,Hamburg,UPS,730,47.6,314.05,3,3,On time
SHP-001063,2025-02-22,Frankfurt,Munich,DHL,446,111.0,275.26,2,2,On time
SHP-000256,2025-02-22,Cologne,Hamburg,UPS,838,32.0,400.23,3,3,On time
SHP-001963,2025-02-22,Leipzig,Hamburg,DB Schenker,591,70.7,280.08,2,2,On time
SHP-001935,2025-02-23,Cologne,Frankfurt,UPS,588,316.9,297.66,2,2,On time
SHP-001607,2025-02-23,Frankfurt,Berlin,Kuehne+Nagel,169,99.4,71.81,1,2,Delayed
SHP-000522,2025-02-23,Cologne,Cologne,UPS,194,44.2,98.31,1,3,Delayed
SHP-000975,2025-02-23,Leipzig,Cologne,DHL,339,74.1,174.06,2,2,On time
SHP-000752,2025-02-23,Munich,Frankfurt,UPS,729,63.1,387.54,3,3,On time
SHP-002330,2025-02-23,Munich,Frankfurt,DB Schenker,503,126.0,214.42,2,3,Delayed
SHP-001698,2025-02-24,Munich,Cologne,Kuehne+Nagel,187,55.4,79.99,1,1,On time
SHP-001524,2025-02-24,Cologne,Munich,Kuehne+Nagel,329,33.9,128.4,2,3,Delayed
SHP-001575,2025-02-24,Cologne,Frankfurt,DB Schenker,362,85.3,174.91,2,4,Delayed
SHP-001677,2025-02-24,Leipzig,Munich,DB Schenker,344,34.8,176.94,2,3,Delayed
SHP-000457,2025-02-24,Frankfurt,Munich,UPS,166,158.5,140.31,1,3,Delayed
SHP-000938,2025-02-24,Frankfurt,Munich,UPS,652,44.6,284.25,3,3,On time
SHP-002063,2025-02-24,Leipzig,Hamburg,DHL,97,37.0,77.35,1,1,On time
SHP-001104,2025-02-24,Cologne,Munich,Kuehne+Nagel,622,112.9,308.97,3,3,On time
SHP-000390,2025-02-25,Hamburg,Berlin,Kuehne+Nagel,249,68.0,135.32,1,1,On time
SHP-001481,2025-02-25,Munich,Hamburg,UPS,472,133.3,235.2,2,3,Delayed
SHP-002013,2025-02-25,Cologne,Hamburg,DHL,186,47.9,120.6,1,1,On time
SHP-002008,2025-02-25,Cologne,Cologne,UPS,591,99.9,310.05,2,3,Delayed
SHP-001970,2025-02-25,Berlin,Hamburg,Kuehne+Nagel,731,38.5,341.64,3,3,On time
SHP-000357,2025-02-25,Frankfurt,Cologne,UPS,574,142.0,276.49,2,2,On time
SHP-000182,2025-02-25,Leipzig,Berlin,Kuehne+Nagel,167,221.3,141.78,1,1,On time
SHP-000273,2025-02-25,Berlin,Cologne,DB Schenker,256,160.7,179.55,2,3,Delayed
SHP-002308,2025-02-26,Munich,Berlin,DB Schenker,856,25.2,365.57,3,3,On time
SHP-000058,2025-02-26,Munich,Berlin,Kuehne+Nagel,833,106.0,377.43,3,3,On time
SHP-001229,2025-02-26,Leipzig,Munich,Kuehne+Nagel,376,26.6,190.24,2,2,On time
SHP-002249,2025-02-26,Munich,Leipzig,DHL,832,67.3,384.54,3,3,On time
SHP-000884,2025-02-26,Berlin,Frankfurt,UPS,874,60.6,1020.4319999999999,3,3,On time
SHP-001406,2025-02-26,Munich,Leipzig,Kuehne+Nagel,743,42.2,340.23,3,3,On time
SHP-000533,2025-02-26,Hamburg,Hamburg,DB Schenker,570,46.6,271.5,2,4,Delayed
SHP-000961,2025-02-26,Frankfurt,Cologne,Kuehne+Nagel,442,125.5,188.32,2,3,Delayed
SHP-001537,2025-02-26,Berlin,Hamburg,DHL,676,56.4,358.07,3,3,On time
SHP-001046,2025-02-26,Cologne,Frankfurt,Kuehne+Nagel,628,36.0,279.16,3,4,Delayed
SHP-002222,2025-02-26,Leipzig,Munich,DB Schenker,802,133.8,359.61,3,3,On time
SHP-000536,2025-02-26,Hamburg,Frankfurt,DB Schenker,911,234.8,430.69,3,4,Delayed
SHP-001947,2025-02-27,Hamburg,Frankfurt,DB Schenker,347,32.9,159.04,2,4,Delayed
SHP-000847,2025-02-27,Munich,Cologne,Kuehne+Nagel,604,50.9,290.58,3,4,Delayed
SHP-000937,2025-02-27,Munich,Berlin,DB Schenker,335,301.5,177.3,2,3,Delayed
SHP-000750,2025-02-27,Hamburg,Frankfurt,UPS,423,163.0,215.34,2,3,Delayed
SHP-001655,2025-02-27,Frankfurt,Berlin,Kuehne+Nagel,277,112.6,147.51,2,2,On time
SHP-002427,2025-02-27,Leipzig,Leipzig,DB Schenker,426,26.7,178.85,2,3,Delayed
SHP-000178,2025-02-28,Frankfurt,Leipzig,DHL,843,86.4,361.35,3,4,Delayed
SHP-000287,2025-02-28,Frankfurt,Hamburg,UPS,325,269.2,220.97,2,2,On time
SHP-000083,2025-02-28,Hamburg,Hamburg,Kuehne+Nagel,333,166.0,176.35,2,3,Delayed
SHP-001695,2025-02-28,Frankfurt,Munich,Kuehne+Nagel,571,66.1,282.7,2,3,Delayed
SHP-001908,2025-02-28,Frankfurt,Leipzig,UPS,241,24.6,101.88,1,1,On time
SHP-001854,2025-02-28,Frankfurt,Hamburg,UPS,439,64.0,259.48,2,3,Delayed
SHP-002433,2025-03-01,Berlin,Munich,DB Schenker,862,109.1,401.78,3,4,Delayed
SHP-001076,2025-03-01,Leipzig,Berlin,Kuehne+Nagel,676,76.0,319.89,3,3,On time
SHP-001556,2025-03-01,Hamburg,Munich,DB Schenker,408,144.2,203.95,2,2,On time
SHP-001936,2025-03-01,Cologne,Leipzig,UPS,888,93.2,424.42,3,4,Delayed
SHP-002095,2025-03-01,Hamburg,Hamburg,Kuehne+Nagel,616,162.9,293.12,3,3,On time
SHP-001487,2025-03-01,Frankfurt,Leipzig,UPS,349,95.9,173.49,2,2,On time
SHP-002369,2025-03-01,Berlin,Hamburg,DHL,881,84.0,401.96,3,3,On time
SHP-001778,2025-03-01,Berlin,Berlin,Kuehne+Nagel,745,30.1,338.63,3,3,On time
SHP-000041,2025-03-02,Frankfurt,Berlin,UPS,332,79.9,196.68,2,3,Delayed
SHP-001850,2025-03-02,Munich,Berlin,Kuehne+Nagel,386,103.4,204.93,2,3,Delayed
SHP-000623,2025-03-02,Berlin,Munich,DHL,490,349.9,240.0,2,2,On time
SHP-000467,2025-03-02,Frankfurt,Hamburg,Kuehne+Nagel,289,73.6,141.77,2,2,On time
SHP-000187,2025-03-02,Frankfurt,Frankfurt,UPS,292,70.7,172.8,2,3,Delayed
SHP-001941,2025-03-02,Leipzig,Berlin,DHL,363,59.6,189.81,2,2,On time
SHP-001637,2025-03-02,Munich,Frankfurt,DB Schenker,927,78.1,418.41,3,3,On time
SHP-000532,2025-03-02,Berlin,Leipzig,DHL,317,67.1,129.62,2,2,On time
SHP-000350,2025-03-02,Hamburg,Frankfurt,DB Schenker,394,122.3,199.3,2,3,Delayed
SHP-000168,2025-03-02,Cologne,Hamburg,Kuehne+Nagel,919,54.9,418.17,3,5,Delayed
SHP-001078,2025-03-02,Munich,Berlin,Kuehne+Nagel,825,22.4,362.66,3,4,Delayed
SHP-001596,2025-03-02,Munich,Berlin,Kuehne+Nagel,555,65.8,257.19,2,2,On time
SHP-000685,2025-03-03,Munich,Cologne,Kuehne+Nagel,627,121.7,307.1,3,4,Delayed
SHP-002297,2025-03-03,Munich,Hamburg,DB Schenker,518,68.1,247.77,2,2,On time
SHP-002200,2025-03-03,Berlin,Hamburg,Kuehne+Nagel,100,39.4,70.62,1,3,Delayed
SHP-000703,2025-03-03,Berlin,Munich,DB Schenker,749,279.4,372.95,3,4,Delayed
SHP-002328,2025-03-03,Cologne,Munich,UPS,547,120.4,275.86,2,2,On time
SHP-001433,2025-03-04,Frankfurt,Hamburg,DHL,691,27.8,351.21,3,4,Delayed
SHP-002103,2025-03-04,Cologne,Munich,Kuehne+Nagel,352,81.7,185.09,2,2,On time
SHP-000262,2025-03-04,Hamburg,Munich,DB Schenker,455,8.6,176.69,2,4,Delayed
SHP-002051,2025-03-04,Hamburg,Leipzig,DHL,119,51.5,53.08,1,2,Delayed
SHP-002450,2025-03-04,Frankfurt,Munich,UPS,400,68.9,177.67,2,3,Delayed
SHP-000704,2025-03-04,Cologne,Munich,DHL,201,88.2,129.74,1,3,Delayed
SHP-001193,2025-03-04,Leipzig,Leipzig,DHL,249,88.1,102.87,1,1,On time
SHP-001032,2025-03-05,Munich,Munich,DB Schenker,142,62.4,77.42,1,1,On time
SHP-000411,2025-03-05,Berlin,Leipzig,Kuehne+Nagel,177,70.4,106.94,1,1,On time
SHP-000544,2025-03-05,Hamburg,Leipzig,UPS,540,208.1,286.57,2,2,On time
SHP-000259,2025-03-05,Frankfurt,Berlin,Kuehne+Nagel,393,86.3,187.64,2,3,Delayed
SHP-000908,2025-03-05,Leipzig,Leipzig,DB Schenker,635,40.3,292.95,3,4,Delayed
SHP-001616,2025-03-05,Hamburg,Hamburg,DHL,493,163.6,251.72,2,2,On time
SHP-002147,2025-03-06,Hamburg,Berlin,Kuehne+Nagel,728,88.2,357.47,3,4,Delayed
SHP-001174,2025-03-06,Berlin,Munich,DB Schenker,80,60.4,95.21,1,3,Delayed
SHP-002275,2025-03-06,Munich,Berlin,DB Schenker,314,9.4,147.15,2,2,On time
SHP-002368,2025-03-06,Leipzig,Leipzig,UPS,360,71.5,143.27,2,2,On time
SHP-001405,2025-03-06,Leipzig,Cologne,UPS,839,114.8,376.02,3,4,Delayed
SHP-002370,2025-03-06,Hamburg,Leipzig,DHL,686,12.6,319.32,3,4,Delayed
SHP-001883,2025-03-06,Cologne,Frankfurt,DB Schenker,387,112.9,195.27,2,2,On time
SHP-000661,2025-03-06,Munich,Frankfurt,DB Schenker,183,130.2,112.17,1,1,On time
SHP-000230,2025-03-06,Hamburg,Cologne,DB Schenker,481,96.9,199.68,2,2,On time
SHP-000761,2025-03-06,Berlin,Munich,DB Schenker,458,105.6,223.85,2,4,Delayed
SHP-002248,2025-03-06,Leipzig,Leipzig,UPS,298,42.2,129.41,2,2,On time
SHP-002478,2025-03-06,Cologne,Berlin,DHL,176,27.5,118.3,1,1,On time
SHP-002032,2025-03-06,Frankfurt,Leipzig,Kuehne+Nagel,190,50.0,90.53,1,1,On time
SHP-001702,2025-03-07,Cologne,Cologne,UPS,729,328.9,372.13,3,3,On time
SHP-001886,2025-03-07,Berlin,Hamburg,UPS,707,30.1,313.91,3,3,On time
SHP-002483,2025-03-07,Frankfurt,Leipzig,DHL,242,226.3,127.52,1,1,On time
SHP-000349,2025-03-07,Frankfurt,Hamburg,UPS,323,168.2,157.44,2,3,Delayed
SHP-002381,2025-03-07,Berlin,Frankfurt,UPS,410,52.5,644.756,2,2,On time
SHP-000251,2025-03-07,Berlin,Hamburg,Kuehne+Nagel,293,106.9,166.46,2,2,On time
SHP-000392,2025-03-07,Hamburg,Cologne,DHL,574,87.6,274.91,2,2,On time
SHP-001106,2025-03-08,Cologne,Hamburg,DHL,197,30.3,73.64,1,1,On time
SHP-000023,2025-03-08,Munich,Frankfurt,DHL,262,121.1,166.28,2,3,Delayed
SHP-001639,2025-03-08,Berlin,Berlin,DB Schenker,846,159.1,410.87,3,4,Delayed
SHP-001929,2025-03-08,Berlin,Leipzig,DHL,750,142.1,343.43,3,3,On time
SHP-000912,2025-03-08,Hamburg,Leipzig,DB Schenker,938,49.7,428.25,3,3,On time
SHP-000564,2025-03-08,Hamburg,Leipzig,Kuehne+Nagel,190,128.3,160.77,1,1,On time
SHP-000469,2025-03-08,Frankfurt,Berlin,DHL,706,96.4,317.65,3,3,On time
SHP-000635,2025-03-08,Munich,Frankfurt,DB Schenker,698,51.9,310.7,3,5,Delayed
SHP-001798,2025-03-09,Munich,Cologne,DHL,749,41.9,357.81,3,3,On time
SHP-001663,2025-03-09,Cologne,Cologne,DB Schenker,569,221.8,312.83,2,3,Delayed
SHP-001891,2025-03-09,Leipzig,Cologne,UPS,237,82.6,126.2,1,1,On time
SHP-001432,2025-03-09,Frankfurt,Berlin,DB Schenker,145,93.7,102.97,1,1,On time
SHP-002385,2025-03-09,Cologne,Cologne,Kuehne+Nagel,85,27.5,67.6,1,2,Delayed
SHP-001345,2025-03-10,Berlin,Frankfurt,DHL,881,51.5,427.46,3,5,Delayed
SHP-001960,2025-03-10,Hamburg,Leipzig,DB Schenker,648,191.0,339.74,3,3,On time
SHP-001326,2025-03-10,Munich,Cologne,DB Schenker,866,26.9,385.2,3,3,On time
SHP-001534,2025-03-10,Frankfurt,Leipzig,Kuehne+Nagel,323,131.8,176.69,2,3,Delayed
SHP-000253,2025-03-10,Leipzig,Frankfurt,DHL,586,99.0,259.34,2,3,Delayed
SHP-000072,2025-03-11,Munich,Leipzig,DHL,891,216.4,451.98,3,5,Delayed
SHP-001523,2025-03-11,Frankfurt,Cologne,DB Schenker,551,46.4,236.24,2,2,On time
SHP-002071,2025-03-11,Leipzig,Berlin,Kuehne+Nagel,681,135.2,361.4,3,4,Delayed
SHP-001651,2025-03-11,Cologne,Frankfurt,DB Schenker,366,111.4,199.75,2,3,Delayed
SHP-001178,2025-03-11,Cologne,Leipzig,DHL,749,162.2,376.58,3,4,Delayed
SHP-001115,2025-03-12,Leipzig,Hamburg,UPS,733,126.3,314.41,3,3,On time
SHP-000523,2025-03-12,Cologne,Frankfurt,UPS,416,338.2,258.3,2,3,Delayed
SHP-001113,2025-03-12,Berlin,Cologne,DHL,610,114.0,307.03,3,4,Delayed
SHP-000888,2025-03-12,Cologne,Cologne,DHL,720,54.7,348.44,3,3,On time
SHP-002220,2025-03-12,Cologne,Leipzig,Kuehne+Nagel,210,143.2,120.51,1,1,On time
SHP-002392,2025-03-12,Hamburg,Berlin,DHL,577,34.3,270.7,2,2,On time
SHP-001770,2025-03-13,Leipzig,Munich,DB Schenker,518,207.4,240.54,2,4,Delayed
SHP-000543,2025-03-13,Leipzig,Leipzig,DB Schenker,365,87.1,192.84,2,2,On time
SHP-000993,2025-03-13,Cologne,Hamburg,DB Schenker,403,59.6,198.74,2,2,On time
SHP-000052,2025-03-13,Cologne,Munich,DB Schenker,359,14.2,174.44,2,3,Delayed
SHP-002466,2025-03-13,Berlin,Berlin,UPS,172,107.3,150.98,1,2,Delayed
SHP-000398,2025-03-13,Leipzig,Munich,DHL,624,127.6,254.89,3,3,On time
SHP-000838,2025-03-14,Leipzig,Berlin,UPS,123,196.1,86.18,1,2,Delayed
SHP-000102,2025-03-14,Leipzig,Munich,UPS,266,335.5,204.59,2,3,Delayed
SHP-001704,2025-03-14,Munich,Munich,UPS,193,20.1,84.19,1,1,On time
SHP-002094,2025-03-14,Frankfurt,Cologne,UPS,713,123.7,357.58,3,3,On time
SHP-001787,2025-03-14,Munich,Leipzig,UPS,701,35.8,324.96,3,4,Delayed
SHP-000426,2025-03-14,Munich,Hamburg,Kuehne+Nagel,239,44.3,99.6,1,1,On time
SHP-001364,2025-03-15,Hamburg,Leipzig,UPS,611,99.7,287.9,3,5,Delayed
SHP-000009,2025-03-15,Frankfurt,Berlin,DB Schenker,434,54.2,209.27,2,2,On time
SHP-000339,2025-03-15,Munich,Munich,Kuehne+Nagel,267,98.4,166.63,2,2,On time
SHP-000653,2025-03-15,Cologne,Frankfurt,DHL,251,333.6,151.39,2,2,On time
SHP-002116,2025-03-15,Frankfurt,Frankfurt,DHL,455,42.5,219.31,2,3,Delayed
SHP-000664,2025-03-15,Munich,Berlin,Kuehne+Nagel,353,40.1,166.96,2,4,Delayed
SHP-001796,2025-03-15,Berlin,Frankfurt,Kuehne+Nagel,945,39.0,444.71,3,5,Delayed
SHP-000224,2025-03-15,Leipzig,Cologne,Kuehne+Nagel,407,45.1,175.33,2,3,Delayed
SHP-000872,2025-03-15,Leipzig,Leipzig,DHL,287,44.6,144.91,2,2,On time
SHP-002349,2025-03-15,Frankfurt,Leipzig,DHL,213,173.5,136.47,1,2,Delayed
SHP-001085,2025-03-15,Munich,Berlin,DB Schenker,734,237.7,371.48,3,3,On time
SHP-002496,2025-03-16,Munich,Hamburg,Kuehne+Nagel,264,49.8,148.06,2,3,Delayed
SHP-001740,2025-03-16,Hamburg,Hamburg,DHL,289,98.3,140.86,2,2,On time
SHP-002474,2025-03-17,Leipzig,Frankfurt,DHL,752,152.9,363.35,3,4,Delayed
SHP-001872,2025-03-17,Munich,Leipzig,Kuehne+Nagel,227,49.1,119.08,1,2,Delayed
SHP-001940,2025-03-17,Munich,Frankfurt,UPS,353,55.4,157.99,2,3,Delayed
SHP-001474,2025-03-17,Berlin,Frankfurt,Kuehne+Nagel,304,99.1,151.37,2,3,Delayed
SHP-002360,2025-03-18,Frankfurt,Berlin,UPS,738,27.2,319.85,3,4,Delayed
SHP-001072,2025-03-18,Cologne,Berlin,UPS,812,70.5,370.75,3,3,On time
SHP-001745,2025-03-18,Berlin,Munich,UPS,386,156.4,201.11,2,2,On time
SHP-002277,2025-03-18,Hamburg,Leipzig,UPS,371,70.9,154.38,2,2,On time
SHP-001989,2025-03-18,Munich,Berlin,UPS,658,308.3,354.52,3,3,On time
SHP-000735,2025-03-18,Berlin,Hamburg,DB Schenker,577,35.2,263.19,2,2,On time
SHP-001988,2025-03-19,Cologne,Berlin,Kuehne+Nagel,301,97.9,168.06,2,3,Delayed
SHP-002444,2025-03-19,Munich,Frankfurt,DB Schenker,831,178.5,418.94,3,4,Delayed
SHP-001710,2025-03-19,Leipzig,Cologne,DHL,607,48.4,280.05,3,3,On time
SHP-002462,2025-03-20,Frankfurt,Leipzig,Kuehne+Nagel,519,35.8,236.11,2,3,Delayed
SHP-002470,2025-03-20,Cologne,Leipzig,DB Schenker,789,79.6,370.49,3,4,Delayed
SHP-000142,2025-03-20,Frankfurt,Leipzig,DHL,511,212.2,302.04,2,2,On time
SHP-001582,2025-03-20,Munich,Leipzig,Kuehne+Nagel,327,118.6,166.89,2,4,Delayed
SHP-001395,2025-03-20,Munich,Berlin,UPS,609,26.1,279.14,3,4,Delayed
SHP-002194,2025-03-21,Leipzig,Leipzig,Kuehne+Nagel,830,46.8,365.56,3,3,On time
SHP-000964,2025-03-21,Hamburg,Berlin,Kuehne+Nagel,124,71.5,98.73,1,2,Delayed
SHP-000903,2025-03-21,Cologne,Hamburg,DB Schenker,216,110.4,121.11,1,1,On time
SHP-001355,2025-03-22,Berlin,Leipzig,DB Schenker,499,58.0,232.53,2,2,On time
SHP-002358,2025-03-22,Munich,Frankfurt,DHL,629,153.0,294.82,3,3,On time
SHP-002394,2025-03-22,Frankfurt,Berlin,Kuehne+Nagel,122,99.8,89.11,1,2,Delayed
SHP-002241,2025-03-23,Cologne,Cologne,DHL,310,28.2,195.86,2,3,Delayed
SHP-001839,2025-03-23,Munich,Frankfurt,Kuehne+Nagel,724,54.2,347.97,3,5,Delayed
SHP-001257,2025-03-23,Cologne,Cologne,DHL,634,42.3,314.04,3,3,On time
SHP-000363,2025-03-23,Hamburg,Berlin,Kuehne+Nagel,806,90.8,350.01,3,3,On time
SHP-002299,2025-03-23,Frankfurt,Cologne,Kuehne+Nagel,420,64.0,168.49,2,3,Delayed
SHP-000976,2025-03-24,Frankfurt,Hamburg,Kuehne+Nagel,267,67.6,160.25,2,3,Delayed
SHP-000032,2025-03-24,Berlin,Cologne,DB Schenker,781,86.4,349.34,3,4,Delayed
SHP-000078,2025-03-24,Frankfurt,Berlin,DB Schenker,472,19.1,212.59,2,3,Delayed
SHP-002315,2025-03-24,Cologne,Cologne,Kuehne+Nagel,729,84.3,349.04,3,3,On time
SHP-000412,2025-03-25,Leipzig,Leipzig,UPS,158,81.0,135.69,1,2,Delayed
SHP-000567,2025-03-25,Munich,Cologne,DB Schenker,801,53.7,384.45,3,4,Delayed
SHP-001512,2025-03-25,Berlin,Berlin,Kuehne+Nagel,850,154.1,385.22,3,4,Delayed
SHP-001503,2025-03-25,Frankfurt,Munich,DB Schenker,110,70.7,62.48,1,2,Delayed
SHP-001545,2025-03-26,Hamburg,Hamburg,DHL,439,91.2,235.59,2,2,On time
SHP-001479,2025-03-26,Cologne,Munich,UPS,551,74.4,244.69,2,3,Delayed
SHP-000626,2025-03-26,Frankfurt,Frankfurt,UPS,854,86.1,405.14,3,3,On time
SHP-001656,2025-03-26,Cologne,Hamburg,DHL,242,83.8,142.6,1,1,On time
SHP-001112,2025-03-26,Munich,Cologne,Kuehne+Nagel,673,100.2,279.81,3,4,Delayed
SHP-000486,2025-03-26,Hamburg,Cologne,DB Schenker,643,141.5,305.94,3,4,Delayed
SHP-000326,2025-03-26,Leipzig,Frankfurt,DHL,812,113.6,347.68,3,3,On time
SHP-001877,2025-03-27,Berlin,Cologne,DHL,355,24.0,191.19,2,3,Delayed
SHP-002209,2025-03-27,Frankfurt,Cologne,DB Schenker,748,82.2,338.14,3,4,Delayed
SHP-001386,2025-03-27,Frankfurt,Hamburg,DHL,440,367.8,260.51,2,2,On time
SHP-000148,2025-03-27,Hamburg,Frankfurt,Kuehne+Nagel,764,125.8,352.78,3,4,Delayed
SHP-001817,2025-03-27,Frankfurt,Leipzig,Kuehne+Nagel,931,51.9,419.38,3,4,Delayed
SHP-002175,2025-03-27,Frankfurt,Frankfurt,UPS,804,32.2,315.16,3,4,Delayed
SHP-001291,2025-03-27,Frankfurt,Cologne,DB Schenker,177,51.1,105.02,1,1,On time
SHP-000637,2025-03-27,Leipzig,Munich,DHL,585,87.5,274.83,2,2,On time
SHP-001288,2025-03-27,Munich,Cologne,UPS,98,55.6,95.55,1,2,Delayed
SHP-002293,2025-03-27,Berlin,Hamburg,Kuehne+Nagel,924,135.6,427.78,3,3,On time
SHP-001609,2025-03-28,Leipzig,Munich,Kuehne+Nagel,525,113.2,259.52,2,2,On time
SHP-001308,2025-03-28,Munich,Frankfurt,UPS,215,130.1,120.01,1,1,On time
SHP-000327,2025-03-28,Cologne,Hamburg,UPS,394,61.4,217.63,2,2,On time
SHP-000719,2025-03-28,Frankfurt,Cologne,UPS,937,45.4,421.63,3,3,On time
SHP-000510,2025-03-28,Frankfurt,Berlin,Kuehne+Nagel,786,34.3,360.77,3,3,On time
SHP-000566,2025-03-28,Frankfurt,Cologne,DHL,558,56.5,260.29,2,2,On time
SHP-001047,2025-03-29,Munich,Hamburg,DB Schenker,436,59.6,225.93,2,3,Delayed
SHP-000384,2025-03-29,Leipzig,Frankfurt,DB Schenker,122,478.4,145.91,1,1,On time
SHP-000097,2025-03-29,Hamburg,Cologne,DHL,515,58.0,253.89,2,3,Delayed
SHP-000832,2025-03-29,Leipzig,Hamburg,DB Schenker,820,15.1,344.25,3,4,Delayed
SHP-001265,2025-03-29,Munich,Hamburg,Kuehne+Nagel,438,104.9,186.47,2,3,Delayed
SHP-002182,2025-03-29,Cologne,Munich,DHL,228,133.0,136.34,1,1,On time
SHP-000593,2025-03-29,Hamburg,Cologne,UPS,705,39.4,352.87,3,3,On time
SHP-000189,2025-03-29,Berlin,Leipzig,DB Schenker,635,173.3,306.14,3,3,On time
SHP-000854,2025-03-29,Munich,Leipzig,DB Schenker,713,82.6,304.87,3,4,Delayed
SHP-001786,2025-03-30,Frankfurt,Leipzig,DB Schenker,747,125.0,360.01,3,4,Delayed
SHP-002253,2025-03-30,Leipzig,Cologne,Kuehne+Nagel,781,165.6,393.92,3,4,Delayed
SHP-001709,2025-03-30,Berlin,Frankfurt,Kuehne+Nagel,276,44.1,148.21,2,2,On time
SHP-001506,2025-03-30,Hamburg,Leipzig,DB Schenker,909,440.5,485.09,3,3,On time
SHP-001542,2025-03-30,Frankfurt,Leipzig,Kuehne+Nagel,646,102.5,319.4,3,4,Delayed
SHP-001124,2025-03-30,Hamburg,Berlin,DHL,463,139.5,232.37,2,3,Delayed
SHP-001402,2025-03-30,Cologne,Hamburg,Kuehne+Nagel,908,575.1,498.58,3,4,Delayed
SHP-001251,2025-03-30,Munich,Cologne,DHL,586,43.6,237.09,2,2,On time
SHP-001892,2025-03-31,Cologne,Cologne,DHL,789,51.8,346.14,3,3,On time
SHP-000857,2025-03-31,Frankfurt,Berlin,DB Schenker,129,149.1,70.73,1,2,Delayed
SHP-001013,2025-03-31,Munich,Munich,DB Schenker,191,62.1,116.65,1,2,Delayed
SHP-000119,2025-03-31,Berlin,Frankfurt,Kuehne+Nagel,651,172.5,297.67,3,3,On time
SHP-001906,2025-03-31,Leipzig,Cologne,UPS,858,31.2,384.61,3,3,On time
SHP-001454,2025-03-31,Frankfurt,Frankfurt,DHL,483,93.8,219.71,2,2,On time
SHP-002162,2025-03-31,Hamburg,Frankfurt,DB Schenker,584,195.0,321.4,2,2,On time
SHP-000989,2025-03-31,Munich,Frankfurt,DB Schenker,465,28.2,187.08,2,3,Delayed
SHP-000831,2025-03-31,Munich,Leipzig,DB Schenker,614,151.5,274.33,3,4,Delayed
SHP-001107,2025-03-31,Munich,Munich,Kuehne+Nagel,364,160.0,194.83,2,2,On time
SHP-002487,2025-03-31,Munich,Berlin,UPS,920,270.0,468.44,3,3,On time
SHP-000315,2025-03-31,Berlin,Berlin,DB Schenker,253,43.8,143.69,2,2,On time
SHP-001811,2025-03-31,Munich,Frankfurt,Kuehne+Nagel,531,20.0,232.78,2,3,Delayed
SHP-000508,2025-04-01,Cologne,Berlin,DHL,449,11.2,207.11,2,2,On time
SHP-001515,2025-04-01,Cologne,Frankfurt,DB Schenker,326,196.8,162.27,2,3,Delayed
SHP-001563,2025-04-01,Leipzig,Munich,Kuehne+Nagel,630,39.3,274.97,3,5,Delayed
SHP-000925,2025-04-01,Cologne,Frankfurt,UPS,610,60.9,312.92,3,3,On time
SHP-001904,2025-04-01,Cologne,Munich,Kuehne+Nagel,895,108.8,383.06,3,3,On time
SHP-002100,2025-04-01,Munich,Hamburg,DB Schenker,714,74.9,333.11,3,5,Delayed
SHP-000483,2025-04-02,Frankfurt,Hamburg,UPS,776,26.8,316.05,3,3,On time
SHP-002237,2025-04-02,Cologne,Cologne,DHL,133,46.2,86.78,1,2,Delayed
SHP-000617,2025-04-02,Berlin,Leipzig,Kuehne+Nagel,626,470.5,341.49,3,4,Delayed
SHP-001413,2025-04-02,Munich,Frankfurt,UPS,246,54.3,120.18,1,1,On time
SHP-000568,2025-04-02,Leipzig,Cologne,UPS,693,80.6,315.38,3,4,Delayed
SHP-002399,2025-04-02,Frankfurt,Berlin,DHL,738,71.3,345.01,3,3,On time
SHP-000696,2025-04-03,Leipzig,Hamburg,Kuehne+Nagel,232,716.1,227.68,1,1,On time
SHP-001660,2025-04-03,Munich,Berlin,DHL,107,131.9,75.08,1,2,Delayed
SHP-000919,2025-04-03,Hamburg,Frankfurt,UPS,164,106.1,79.39,1,2,Delayed
SHP-001562,2025-04-03,Berlin,Berlin,DHL,98,104.8,67.88,1,3,Delayed
SHP-001818,2025-04-03,Berlin,Leipzig,DHL,440,141.3,236.58,2,2,On time
SHP-001852,2025-04-03,Berlin,Munich,UPS,572,44.9,284.15,2,2,On time
SHP-001942,2025-04-03,Frankfurt,Munich,DB Schenker,388,116.5,204.56,2,3,Delayed
SHP-001307,2025-04-03,Frankfurt,Cologne,Kuehne+Nagel,169,64.5,104.02,1,1,On time
SHP-000933,2025-04-04,Leipzig,Berlin,UPS,260,35.7,121.52,2,2,On time
SHP-002346,2025-04-04,Leipzig,Berlin,Kuehne+Nagel,745,7.2,332.87,3,5,Delayed
SHP-001425,2025-04-04,Hamburg,Munich,UPS,635,74.7,267.5,3,3,On time
SHP-000346,2025-04-04,Frankfurt,Leipzig,Kuehne+Nagel,477,67.9,192.0,2,2,On time
SHP-002126,2025-04-04,Cologne,Cologne,DHL,414,252.6,234.99,2,2,On time
SHP-002418,2025-04-05,Leipzig,Berlin,Kuehne+Nagel,317,107.9,193.8,2,3,Delayed
SHP-002079,2025-04-05,Cologne,Hamburg,DHL,319,160.7,166.8,2,2,On time
SHP-001179,2025-04-05,Hamburg,Hamburg,Kuehne+Nagel,548,70.3,269.78,2,3,Delayed
SHP-002188,2025-04-05,Munich,Leipzig,Kuehne+Nagel,330,30.5,142.86,2,3,Delayed
SHP-002421,2025-04-05,Cologne,Leipzig,Kuehne+Nagel,929,37.5,424.65,3,3,On time
SHP-001804,2025-04-05,Munich,Berlin,Kuehne+Nagel,109,221.2,96.79,1,1,On time
SHP-001502,2025-04-06,Frankfurt,Munich,DHL,813,16.8,359.44,3,5,Delayed
SHP-000211,2025-04-06,Cologne,Berlin,Kuehne+Nagel,137,90.1,97.52,1,1,On time
SHP-001297,2025-04-06,Berlin,Berlin,DB Schenker,677,20.5,327.82,3,3,On time
SHP-000380,2025-04-06,Cologne,Munich,Kuehne+Nagel,930,67.5,432.66,3,3,On time
SHP-000209,2025-04-07,Cologne,Leipzig,UPS,715,72.6,303.12,3,5,Delayed
SHP-001882,2025-04-07,Leipzig,Hamburg,UPS,180,105.0,89.57,1,1,On time
SHP-002492,2025-04-07,Cologne,Munich,UPS,534,21.0,234.42,2,3,Delayed
SHP-001621,2025-04-07,Munich,Berlin,DB Schenker,711,39.7,324.4,3,3,On time
SHP-001701,2025-04-07,Cologne,Hamburg,UPS,670,79.1,300.28,3,4,Delayed
SHP-001459,2025-04-07,Frankfurt,Leipzig,Kuehne+Nagel,165,21.9,133.24,1,1,On time
SHP-002301,2025-04-08,Leipzig,Berlin,DB Schenker,612,129.7,302.48,3,4,Delayed
SHP-000618,2025-04-08,Frankfurt,Frankfurt,Kuehne+Nagel,639,83.8,279.09,3,4,Delayed
SHP-000292,2025-04-08,Munich,Hamburg,UPS,215,61.8,92.51,1,1,On time
SHP-001673,2025-04-08,Hamburg,Hamburg,UPS,520,43.4,235.88,2,3,Delayed
SHP-001261,2025-04-08,Leipzig,Cologne,Kuehne+Nagel,231,64.5,129.5,1,1,On time
SHP-002333,2025-04-08,Frankfurt,Frankfurt,UPS,419,69.9,211.42,2,2,On time
SHP-001429,2025-04-08,Munich,Hamburg,UPS,656,28.2,299.72,3,3,On time
SHP-000206,2025-04-08,Munich,Berlin,DB Schenker,327,17.8,156.6,2,2,On time
SHP-001011,2025-04-09,Munich,Frankfurt,Kuehne+Nagel,925,88.0,424.39,3,3,On time
SHP-000509,2025-04-09,Munich,Hamburg,UPS,627,14.9,268.94,3,3,On time
SHP-000779,2025-04-09,Berlin,Frankfurt,DHL,943,89.2,427.13,3,3,On time
SHP-000890,2025-04-09,Hamburg,Munich,Kuehne+Nagel,669,59.7,272.16,3,4,Delayed
SHP-002238,2025-04-09,Munich,Munich,Kuehne+Nagel,398,46.2,196.2,2,3,Delayed
SHP-001123,2025-04-09,Berlin,Leipzig,DHL,367,106.5,189.93,2,3,Delayed
SHP-002430,2025-04-09,Leipzig,Hamburg,DB Schenker,272,52.8,121.63,2,3,Delayed
SHP-000744,2025-04-09,Frankfurt,Cologne,UPS,531,26.5,226.78,2,2,On time
SHP-001640,2025-04-10,Frankfurt,Leipzig,DB Schenker,518,72.6,234.13,2,2,On time
SHP-000216,2025-04-10,Frankfurt,Munich,DHL,483,43.6,231.51,2,3,Delayed
SHP-000505,2025-04-11,Munich,Frankfurt,UPS,693,30.7,298.26,3,4,Delayed
SHP-001322,2025-04-11,Frankfurt,Leipzig,DB Schenker,89,103.0,67.17,1,2,Delayed
SHP-002106,2025-04-11,Leipzig,Berlin,DHL,490,44.3,240.33,2,3,Delayed
SHP-000281,2025-04-11,Munich,Frankfurt,DB Schenker,350,37.4,183.94,2,2,On time
SHP-001491,2025-04-11,Cologne,Leipzig,Kuehne+Nagel,736,181.2,337.64,3,3,On time
SHP-000143,2025-04-11,Munich,Frankfurt,UPS,256,92.9,357.868,2,3,Delayed
SHP-000039,2025-04-12,Frankfurt,Munich,Kuehne+Nagel,541,68.4,251.32,2,2,On time
SHP-000111,2025-04-12,Leipzig,Frankfurt,DHL,924,15.3,449.74,3,3,On time
SHP-000413,2025-04-12,Hamburg,Berlin,UPS,490,57.1,240.84,2,2,On time
SHP-002045,2025-04-12,Cologne,Cologne,DHL,468,275.8,283.83,2,3,Delayed
SHP-001192,2025-04-12,Cologne,Leipzig,Kuehne+Nagel,625,200.8,319.59,3,4,Delayed
SHP-001794,2025-04-12,Leipzig,Berlin,DB Schenker,162,119.2,97.79,1,1,On time
SHP-000950,2025-04-12,Hamburg,Munich,Kuehne+Nagel,511,115.7,253.35,2,2,On time
SHP-002111,2025-04-13,Leipzig,Hamburg,DHL,160,96.5,121.43,1,1,On time
SHP-002000,2025-04-13,Berlin,Leipzig,DB Schenker,380,32.8,178.3,2,4,Delayed
SHP-000399,2025-04-13,Hamburg,Cologne,Kuehne+Nagel,772,44.8,319.09,3,4,Delayed
SHP-002311,2025-04-13,Munich,Frankfurt,DB Schenker,257,83.6,144.26,2,4,Delayed
SHP-001028,2025-04-13,Hamburg,Berlin,Kuehne+Nagel,158,111.4,82.17,1,1,On time
SHP-002109,2025-04-13,Hamburg,Leipzig,Kuehne+Nagel,838,280.3,421.52,3,4,Delayed
SHP-000152,2025-04-13,Frankfurt,Frankfurt,DB Schenker,844,91.4,406.75,3,5,Delayed
SHP-001551,2025-04-13,Leipzig,Frankfurt,Kuehne+Nagel,361,157.4,181.88,2,2,On time
SHP-000314,2025-04-13,Leipzig,Cologne,DHL,919,141.7,1135.7359999999999,3,4,Delayed
SHP-001999,2025-04-13,Munich,Frankfurt,DB Schenker,292,79.5,151.38,2,3,Delayed
SHP-001410,2025-04-14,Leipzig,Leipzig,UPS,868,18.1,381.06,3,3,On time
SHP-001917,2025-04-14,Hamburg,Hamburg,DHL,489,55.9,206.37,2,2,On time
SHP-002110,2025-04-14,Munich,Hamburg,DB Schenker,459,249.1,264.88,2,3,Delayed
SHP-000573,2025-04-14,Leipzig,Munich,Kuehne+Nagel,289,97.9,183.31,2,3,Delayed
SHP-000814,2025-04-14,Leipzig,Berlin,DHL,275,57.2,340.536,2,2,On time
SHP-000299,2025-04-14,Frankfurt,Cologne,DHL,695,158.3,844.1999999999999,3,3,On time
SHP-001209,2025-04-14,Cologne,Frankfurt,Kuehne+Nagel,508,117.6,230.86,2,2,On time
SHP-001382,2025-04-14,Frankfurt,Leipzig,DB Schenker,274,87.6,137.58,2,2,On time
SHP-000534,2025-04-14,Leipzig,Leipzig,DHL,176,413.5,177.58,1,3,Delayed
SHP-002219,2025-04-15,Berlin,Leipzig,Kuehne+Nagel,428,488.1,265.28,2,2,On time
SHP-000450,2025-04-15,Cologne,Hamburg,DB Schenker,532,29.7,262.25,2,3,Delayed
SHP-001993,2025-04-15,Frankfurt,Munich,UPS,685,25.8,303.29,3,4,Delayed
SHP-002193,2025-04-15,Munich,Cologne,DHL,941,51.7,411.35,3,4,Delayed
SHP-002419,2025-04-16,Frankfurt,Cologne,Kuehne+Nagel,814,38.4,392.63,3,3,On time
SHP-000855,2025-04-16,Cologne,Hamburg,DB Schenker,928,111.4,458.67,3,4,Delayed
SHP-000841,2025-04-16,Cologne,Frankfurt,UPS,551,26.6,248.5,2,3,Delayed
SHP-002041,2025-04-16,Leipzig,Cologne,DHL,600,262.5,326.96,3,3,On time
SHP-002229,2025-04-16,Berlin,Munich,UPS,177,90.6,94.1,1,1,On time
SHP-000096,2025-04-16,Munich,Frankfurt,DHL,224,100.1,124.21,1,1,On time
SHP-001483,2025-04-16,Frankfurt,Leipzig,DB Schenker,663,25.1,291.42,3,3,On time
SHP-002186,2025-04-16,Leipzig,Berlin,UPS,713,22.8,314.24,3,3,On time
SHP-000495,2025-04-16,Cologne,Berlin,Kuehne+Nagel,750,252.6,380.98,3,3,On time
SHP-002398,2025-04-16,Frankfurt,Munich,UPS,587,31.4,254.4,2,2,On time
SHP-000481,2025-04-16,Frankfurt,Hamburg,Kuehne+Nagel,703,134.4,946.5959999999999,3,3,On time
SHP-000660,2025-04-16,Frankfurt,Leipzig,DB Schenker,839,76.2,381.24,3,4,Delayed
SHP-001230,2025-04-16,Hamburg,Cologne,DB Schenker,635,323.8,332.29,3,4,Delayed
SHP-002197,2025-04-17,Cologne,Cologne,UPS,145,142.7,95.27,1,2,Delayed
SHP-001561,2025-04-17,Munich,Leipzig,UPS,206,58.1,112.74,1,2,Delayed
SHP-000342,2025-04-17,Frankfurt,Frankfurt,DHL,693,70.6,296.05,3,4,Delayed
SHP-001114,2025-04-17,Munich,Frankfurt,Kuehne+Nagel,144,39.7,75.16,1,2,Delayed
SHP-000796,2025-04-18,Berlin,Munich,DHL,772,38.9,344.34,3,4,Delayed
SHP-001820,2025-04-18,Leipzig,Munich,UPS,116,51.5,93.77,1,1,On time
SHP-002255,2025-04-18,Hamburg,Cologne,UPS,264,133.6,130.27,2,3,Delayed
SHP-000154,2025-04-18,Berlin,Frankfurt,UPS,404,160.6,238.7,2,2,On time
SHP-001646,2025-04-18,Frankfurt,Leipzig,DHL,323,77.2,163.05,2,3,Delayed
SHP-000271,2025-04-18,Berlin,Frankfurt,UPS,654,80.3,304.24,3,4,Delayed
SHP-001451,2025-04-18,Frankfurt,Cologne,DB Schenker,407,26.4,178.75,2,2,On time
SHP-001581,2025-04-19,Berlin,Hamburg,Kuehne+Nagel,866,45.5,437.52,3,3,On time
SHP-002273,2025-04-19,Munich,Frankfurt,DB Schenker,234,91.4,114.38,1,2,Delayed
SHP-001907,2025-04-19,Hamburg,Cologne,DB Schenker,305,78.8,164.07,2,4,Delayed
SHP-001862,2025-04-19,Frankfurt,Berlin,UPS,762,353.8,415.43,3,3,On time
SHP-001239,2025-04-19,Berlin,Cologne,UPS,661,33.5,841.904,3,4,Delayed
SHP-000419,2025-04-19,Berlin,Cologne,UPS,818,32.6,379.17,3,5,Delayed
SHP-001338,2025-04-19,Hamburg,Berlin,UPS,601,203.1,323.96,3,3,On time
SHP-000638,2025-04-19,Leipzig,Cologne,UPS,495,49.8,257.22,2,3,Delayed
SHP-001316,2025-04-20,Leipzig,Hamburg,UPS,142,130.3,92.11,1,2,Delayed
SHP-000353,2025-04-20,Hamburg,Berlin,UPS,179,113.3,83.37,1,2,Delayed
SHP-001400,2025-04-20,Cologne,Cologne,DB Schenker,884,12.8,406.91,3,4,Delayed
SHP-000442,2025-04-20,Hamburg,Frankfurt,Kuehne+Nagel,894,82.0,389.68,3,3,On time
SHP-000928,2025-04-20,Munich,Frankfurt,DB Schenker,848,47.6,424.12,3,4,Delayed
SHP-000971,2025-04-20,Frankfurt,Frankfurt,DB Schenker,274,80.3,126.47,2,2,On time
SHP-000263,2025-04-20,Frankfurt,Berlin,Kuehne+Nagel,397,92.5,209.44,2,4,Delayed
SHP-001403,2025-04-20,Berlin,Frankfurt,Kuehne+Nagel,523,141.1,273.65,2,2,On time
SHP-002467,2025-04-20,Frankfurt,Hamburg,UPS,276,96.3,152.62,2,2,On time
SHP-001367,2025-04-21,Munich,Cologne,DHL,534,49.6,238.14,2,3,Delayed
SHP-000802,2025-04-21,Berlin,Berlin,DHL,311,26.8,142.35,2,2,On time
SHP-001823,2025-04-21,Leipzig,Leipzig,UPS,482,175.6,236.46,2,2,On time
SHP-000190,2025-04-21,Frankfurt,Leipzig,UPS,934,182.3,453.26,3,4,Delayed
SHP-000136,2025-04-21,Frankfurt,Cologne,UPS,103,152.3,110.97,1,1,On time
SHP-001476,2025-04-21,Hamburg,Hamburg,Kuehne+Nagel,682,58.1,338.58,3,3,On time
SHP-002052,2025-04-21,Leipzig,Cologne,Kuehne+Nagel,111,14.7,84.18,1,1,On time
SHP-002021,2025-04-21,Cologne,Leipzig,Kuehne+Nagel,941,73.0,398.66,3,3,On time
SHP-000307,2025-04-21,Cologne,Cologne,DB Schenker,331,21.9,170.2,2,3,Delayed
SHP-001601,2025-04-21,Berlin,Leipzig,DB Schenker,159,65.1,65.77,1,1,On time
SHP-000952,2025-04-22,Cologne,Hamburg,Kuehne+Nagel,128,60.6,104.34,1,2,Delayed
SHP-001391,2025-04-22,Hamburg,Berlin,DB Schenker,573,113.7,293.04,2,3,Delayed
SHP-002089,2025-04-22,Leipzig,Berlin,Kuehne+Nagel,607,73.3,317.79,3,4,Delayed
SHP-002187,2025-04-22,Hamburg,Cologne,DHL,905,37.6,387.41,3,3,On time
SHP-001838,2025-04-22,Frankfurt,Leipzig,DB Schenker,365,52.0,192.52,2,3,Delayed
SHP-000226,2025-04-22,Cologne,Cologne,Kuehne+Nagel,618,216.4,314.58,3,5,Delayed
SHP-001105,2025-04-22,Cologne,Berlin,UPS,884,42.2,411.14,3,3,On time
SHP-001155,2025-04-22,Hamburg,Hamburg,DB Schenker,661,152.4,298.05,3,4,Delayed
SHP-002355,2025-04-23,Hamburg,Leipzig,DHL,128,75.1,99.11,1,1,On time
SHP-000239,2025-04-23,Munich,Berlin,DB Schenker,508,24.2,261.7,2,2,On time
SHP-002127,2025-04-23,Berlin,Berlin,DHL,82,93.1,40.97,1,1,On time
SHP-001779,2025-04-23,Hamburg,Munich,UPS,718,43.9,340.8,3,4,Delayed
SHP-002309,2025-04-23,Cologne,Hamburg,UPS,419,281.1,256.33,2,2,On time
SHP-001186,2025-04-23,Leipzig,Munich,Kuehne+Nagel,214,180.0,147.12,1,1,On time
SHP-000400,2025-04-24,Leipzig,Cologne,DB Schenker,255,33.7,158.48,2,3,Delayed
SHP-000333,2025-04-24,Munich,Berlin,DB Schenker,341,104.5,206.58,2,2,On time
SHP-001060,2025-04-24,Frankfurt,Berlin,UPS,486,253.7,242.39,2,2,On time
SHP-000526,2025-04-24,Munich,Cologne,DB Schenker,625,70.8,284.88,3,4,Delayed
SHP-000447,2025-04-25,Hamburg,Hamburg,Kuehne+Nagel,592,68.7,264.39,2,3,Delayed
SHP-002434,2025-04-25,Frankfurt,Leipzig,DHL,799,32.3,348.99,3,4,Delayed
SHP-001462,2025-04-25,Berlin,Leipzig,UPS,827,33.6,377.18,3,3,On time
SHP-000088,2025-04-25,Hamburg,Hamburg,DHL,359,82.2,203.58,2,2,On time
SHP-000748,2025-04-25,Frankfurt,Berlin,DHL,157,30.4,268.18399999999997,1,1,On time
SHP-000749,2025-04-25,Munich,Leipzig,DB Schenker,202,67.6,104.55,1,2,Delayed
SHP-001821,2025-04-25,Hamburg,Cologne,DB Schenker,653,40.5,298.75,3,3,On time
SHP-001034,2025-04-25,Hamburg,Berlin,Kuehne+Nagel,941,74.7,439.22,3,3,On time
SHP-001014,2025-04-25,Hamburg,Hamburg,UPS,202,131.5,122.13,1,1,On time
SHP-000338,2025-04-26,Frankfurt,Cologne,Kuehne+Nagel,862,163.9,398.75,3,4,Delayed
SHP-001604,2025-04-26,Cologne,Hamburg,DHL,94,77.2,75.33,1,2,Delayed
SHP-001177,2025-04-26,Hamburg,Frankfurt,UPS,398,38.0,194.79,2,2,On time
SHP-000368,2025-04-26,Hamburg,Munich,DB Schenker,217,49.4,80.84,1,1,On time
SHP-000799,2025-04-26,Frankfurt,Frankfurt,DHL,548,106.0,237.58,2,3,Delayed
SHP-002167,2025-04-26,Munich,Leipzig,UPS,347,53.7,148.3,2,2,On time
SHP-000309,2025-04-26,Berlin,Leipzig,DB Schenker,768,165.5,347.34,3,5,Delayed
SHP-000968,2025-04-26,Munich,Cologne,DB Schenker,304,56.3,148.06,2,4,Delayed
SHP-000988,2025-04-26,Hamburg,Hamburg,UPS,913,79.9,405.75,3,3,On time
SHP-001586,2025-04-26,Hamburg,Frankfurt,DB Schenker,630,52.1,306.61,3,5,Delayed
SHP-002016,2025-04-27,Frankfurt,Frankfurt,UPS,770,70.8,370.12,3,3,On time
SHP-000525,2025-04-27,Berlin,Hamburg,DHL,405,159.3,210.38,2,4,Delayed
SHP-001527,2025-04-27,Leipzig,Hamburg,DB Schenker,262,87.9,140.93,2,3,Delayed
SHP-002484,2025-04-27,Frankfurt,Munich,DB Schenker,429,162.8,214.52,2,2,On time
SHP-001576,2025-04-27,Cologne,Cologne,DHL,99,96.7,91.0,1,1,On time
SHP-002272,2025-04-27,Hamburg,Cologne,Kuehne+Nagel,743,56.3,351.93,3,3,On time
SHP-000403,2025-04-27,Munich,Frankfurt,DHL,830,132.9,399.66,3,3,On time
SHP-001435,2025-04-27,Hamburg,Leipzig,Kuehne+Nagel,239,51.1,97.17,1,1,On time
SHP-001756,2025-04-27,Munich,Leipzig,DHL,365,16.6,174.74,2,2,On time
SHP-002130,2025-04-27,Frankfurt,Leipzig,Kuehne+Nagel,386,96.7,191.53,2,2,On time
SHP-001439,2025-04-27,Hamburg,Hamburg,UPS,708,41.8,331.41,3,4,Delayed
SHP-002271,2025-04-27,Cologne,Leipzig,DB Schenker,337,141.4,210.17,2,3,Delayed
SHP-000554,2025-04-27,Munich,Hamburg,Kuehne+Nagel,391,57.4,221.3,2,3,Delayed
SHP-000595,2025-04-28,Hamburg,Frankfurt,DB Schenker,871,189.6,409.01,3,4,Delayed
SHP-000607,2025-04-28,Frankfurt,Leipzig,Kuehne+Nagel,828,37.4,394.94,3,3,On time
SHP-000167,2025-04-28,Leipzig,Cologne,DHL,289,46.9,126.16,2,3,Delayed
SHP-001404,2025-04-28,Berlin,Hamburg,DB Schenker,90,40.1,47.57,1,1,On time
SHP-000321,2025-04-28,Hamburg,Leipzig,DHL,550,18.8,226.48,2,3,Delayed
SHP-002292,2025-04-28,Berlin,Frankfurt,DB Schenker,942,144.7,422.39,3,3,On time
SHP-001504,2025-04-28,Leipzig,Berlin,DB Schenker,468,71.5,210.34,2,3,Delayed
SHP-001950,2025-04-28,Frankfurt,Cologne,DHL,861,88.9,383.59,3,4,Delayed
SHP-002152,2025-04-28,Frankfurt,Hamburg,DHL,937,94.4,433.14,3,3,On time
SHP-001249,2025-04-29,Hamburg,Hamburg,DHL,879,192.9,421.9,3,4,Delayed
SHP-002283,2025-04-29,Cologne,Hamburg,UPS,378,94.0,231.73,2,2,On time
SHP-002307,2025-04-29,Munich,Cologne,DB Schenker,487,107.7,261.75,2,3,Delayed
SHP-000066,2025-04-29,Frankfurt,Cologne,UPS,455,265.1,200.21,2,2,On time
SHP-001388,2025-04-29,Berlin,Leipzig,DHL,233,41.2,142.7,1,1,On time
SHP-002083,2025-04-29,Berlin,Hamburg,DHL,223,43.5,145.93,1,2,Delayed
SHP-001095,2025-04-30,Hamburg,Munich,DB Schenker,296,84.2,160.49,2,3,Delayed
SHP-001915,2025-04-30,Cologne,Hamburg,DHL,507,96.0,258.36,2,2,On time
SHP-002347,2025-04-30,Munich,Frankfurt,UPS,808,127.7,378.69,3,4,Delayed
SHP-002151,2025-04-30,Hamburg,Hamburg,UPS,425,56.3,207.59,2,2,On time
SHP-000646,2025-04-30,Cologne,Frankfurt,UPS,560,44.8,259.23,2,2,On time
SHP-000632,2025-04-30,Leipzig,Hamburg,UPS,481,20.2,189.43,2,3,Delayed
SHP-002092,2025-04-30,Munich,Berlin,DB Schenker,114,92.3,62.33,1,3,Delayed
SHP-000254,2025-05-01,Cologne,Hamburg,Kuehne+Nagel,646,38.6,332.35,3,4,Delayed
SHP-001145,2025-05-01,Cologne,Cologne,DHL,914,71.0,443.83,3,3,On time
SHP-001514,2025-05-01,Munich,Berlin,DHL,505,39.6,206.94,2,4,Delayed
SHP-002069,2025-05-01,Hamburg,Hamburg,Kuehne+Nagel,349,78.9,175.88,2,2,On time
SHP-000077,2025-05-01,Cologne,Berlin,DHL,315,62.8,150.23,2,2,On time
SHP-002160,2025-05-02,Munich,Leipzig,UPS,513,85.0,258.62,2,3,Delayed
SHP-001030,2025-05-02,Hamburg,Frankfurt,DB Schenker,184,116.5,114.13,1,1,On time
SHP-000738,2025-05-02,Cologne,Frankfurt,DHL,944,112.6,427.49,3,3,On time
SHP-001069,2025-05-02,Frankfurt,Munich,DB Schenker,737,96.3,367.6,3,4,Delayed
SHP-001494,2025-05-02,Berlin,Frankfurt,Kuehne+Nagel,328,223.7,196.85,2,2,On time
SHP-000294,2025-05-02,Frankfurt,Leipzig,UPS,545,209.4,309.65,2,3,Delayed
SHP-001777,2025-05-02,Cologne,Cologne,DHL,139,856.9,214.89,1,3,Delayed
SHP-000487,2025-05-02,Leipzig,Munich,DB Schenker,730,178.3,372.49,3,3,On time
SHP-001905,2025-05-02,Leipzig,Munich,Kuehne+Nagel,307,63.5,120.69,2,3,Delayed
SHP-001511,2025-05-02,Leipzig,Munich,DB Schenker,387,41.7,180.61,2,2,On time
SHP-000169,2025-05-03,Cologne,Leipzig,DHL,146,18.3,84.71,1,2,Delayed
SHP-000371,2025-05-03,Frankfurt,Cologne,DB Schenker,325,24.6,161.93,2,4,Delayed
SHP-002204,2025-05-03,Leipzig,Frankfurt,DB Schenker,822,61.7,411.28,3,4,Delayed
SHP-002367,2025-05-04,Munich,Berlin,DHL,487,72.7,235.12,2,3,Delayed
SHP-001771,2025-05-04,Leipzig,Berlin,Kuehne+Nagel,774,182.6,362.24,3,3,On time
SHP-001900,2025-05-04,Leipzig,Leipzig,DHL,656,96.4,299.11,3,4,Delayed
SHP-001142,2025-05-04,Leipzig,Cologne,Kuehne+Nagel,887,85.8,417.29,3,3,On time
SHP-001176,2025-05-04,Munich,Hamburg,DB Schenker,455,46.0,220.65,2,3,Delayed
SHP-001782,2025-05-04,Berlin,Berlin,DHL,859,318.2,439.7,3,3,On time
SHP-002323,2025-05-04,Hamburg,Hamburg,DHL,870,24.0,360.84,3,3,On time
SHP-000627,2025-05-04,Cologne,Leipzig,DHL,804,22.7,372.21,3,3,On time
SHP-000199,2025-05-04,Munich,Berlin,Kuehne+Nagel,192,218.2,142.31,1,1,On time
SHP-001160,2025-05-05,Hamburg,Leipzig,Kuehne+Nagel,509,134.9,273.71,2,2,On time
SHP-002461,2025-05-05,Cologne,Hamburg,UPS,412,132.8,205.24,2,3,Delayed
SHP-002491,2025-05-05,Cologne,Leipzig,DHL,644,89.4,300.11,3,4,Delayed
SHP-002074,2025-05-05,Berlin,Munich,UPS,852,20.0,369.33,3,3,On time
SHP-002327,2025-05-05,Hamburg,Leipzig,DB Schenker,251,57.1,123.39,2,2,On time
SHP-001978,2025-05-05,Cologne,Munich,DHL,400,43.7,187.11,2,3,Delayed
SHP-001974,2025-05-05,Leipzig,Leipzig,DHL,198,204.1,157.51,1,2,Delayed
SHP-001330,2025-05-05,Berlin,Munich,UPS,210,36.5,122.28,1,1,On time
SHP-001711,2025-05-06,Berlin,Hamburg,DHL,211,96.6,115.81,1,2,Delayed
SHP-001372,2025-05-06,Hamburg,Munich,UPS,169,84.6,85.06,1,1,On time
SHP-002485,2025-05-06,Cologne,Frankfurt,DHL,247,123.1,145.58,1,1,On time
SHP-001647,2025-05-06,Frankfurt,Hamburg,DHL,439,41.5,245.01,2,3,Delayed
SHP-001357,2025-05-06,Cologne,Cologne,Kuehne+Nagel,392,62.5,188.03,2,2,On time
SHP-000991,2025-05-06,Berlin,Berlin,Kuehne+Nagel,173,45.2,109.72,1,2,Delayed
SHP-002030,2025-05-06,Berlin,Berlin,DHL,568,108.3,278.36,2,2,On time
SHP-001793,2025-05-06,Hamburg,Berlin,DHL,508,69.5,216.5,2,2,On time
SHP-000197,2025-05-06,Frankfurt,Leipzig,DB Schenker,191,35.6,99.18,1,2,Delayed
SHP-001236,2025-05-07,Cologne,Frankfurt,DB Schenker,257,112.3,167.6,2,2,On time
SHP-001383,2025-05-07,Berlin,Leipzig,DB Schenker,580,87.9,288.2,2,3,Delayed
SHP-001407,2025-05-07,Cologne,Frankfurt,UPS,702,26.7,333.39,3,3,On time
SHP-000139,2025-05-07,Frankfurt,Hamburg,Kuehne+Nagel,211,104.1,83.85,1,2,Delayed
SHP-000268,2025-05-07,Cologne,Cologne,DB Schenker,944,31.3,411.09,3,4,Delayed
SHP-001592,2025-05-07,Cologne,Hamburg,Kuehne+Nagel,116,72.7,68.38,1,1,On time
SHP-002425,2025-05-08,Hamburg,Cologne,DB Schenker,367,30.2,202.76,2,3,Delayed
SHP-001312,2025-05-08,Hamburg,Leipzig,DHL,466,28.4,201.34,2,2,On time
SHP-001757,2025-05-08,Frankfurt,Hamburg,DB Schenker,364,110.5,186.34,2,3,Delayed
SHP-001363,2025-05-09,Leipzig,Hamburg,DB Schenker,295,68.4,114.33,2,4,Delayed
SHP-002282,2025-05-09,Berlin,Cologne,DB Schenker,595,33.3,275.76,2,3,Delayed
SHP-000979,2025-05-09,Munich,Leipzig,UPS,436,608.4,307.63,2,4,Delayed
SHP-000044,2025-05-10,Frankfurt,Hamburg,UPS,411,73.6,180.87,2,2,On time
SHP-001831,2025-05-10,Munich,Berlin,DB Schenker,241,130.9,171.04,1,1,On time
SHP-001685,2025-05-11,Leipzig,Cologne,UPS,128,158.0,107.55,1,2,Delayed
SHP-002490,2025-05-11,Cologne,Cologne,UPS,848,44.6,397.76,3,3,On time
SHP-000521,2025-05-11,Munich,Frankfurt,DB Schenker,384,212.2,198.58,2,3,Delayed
SHP-000998,2025-05-12,Frankfurt,Cologne,DHL,494,55.7,262.65,2,2,On time
SHP-002486,2025-05-12,Berlin,Leipzig,Kuehne+Nagel,124,37.2,80.05,1,1,On time
SHP-002053,2025-05-12,Munich,Hamburg,DHL,166,88.3,57.83,1,1,On time
SHP-001699,2025-05-12,Cologne,Munich,Kuehne+Nagel,908,213.8,442.27,3,3,On time
SHP-001927,2025-05-12,Leipzig,Hamburg,DB Schenker,303,31.4,147.42,2,2,On time
SHP-001925,2025-05-12,Leipzig,Munich,DHL,353,23.0,195.67,2,3,Delayed
SHP-001572,2025-05-12,Cologne,Leipzig,DHL,761,152.3,381.25,3,4,Delayed
SHP-000765,2025-05-12,Munich,Hamburg,Kuehne+Nagel,537,76.0,262.85,2,3,Delayed
SHP-000053,2025-05-13,Cologne,Berlin,DB Schenker,268,48.9,149.23,2,3,Delayed
SHP-002145,2025-05-13,Hamburg,Cologne,DHL,103,139.3,73.13,1,2,Delayed
SHP-000194,2025-05-13,Leipzig,Cologne,DB Schenker,449,47.5,234.58,2,3,Delayed
SHP-000746,2025-05-13,Cologne,Munich,DHL,784,39.8,347.89,3,3,On time
SHP-002441,2025-05-13,Cologne,Cologne,DHL,712,87.3,320.89,3,3,On time
SHP-001773,2025-05-13,Leipzig,Hamburg,UPS,891,267.6,469.2,3,3,On time
SHP-002191,2025-05-13,Hamburg,Cologne,UPS,81,7.0,43.14,1,1,On time
SHP-000301,2025-05-13,Cologne,Leipzig,Kuehne+Nagel,769,161.5,338.97,3,4,Delayed
SHP-001052,2025-05-14,Leipzig,Hamburg,Kuehne+Nagel,534,165.6,263.83,2,3,Delayed
SHP-000201,2025-05-14,Berlin,Leipzig,DB Schenker,846,252.2,447.58,3,4,Delayed
SHP-002056,2025-05-14,Leipzig,Hamburg,UPS,268,166.4,142.97,2,2,On time
SHP-001138,2025-05-14,Munich,Hamburg,Kuehne+Nagel,514,70.4,245.09,2,4,Delayed
SHP-002201,2025-05-14,Munich,Leipzig,Kuehne+Nagel,852,70.5,377.1,3,3,On time
SHP-000630,2025-05-14,Leipzig,Leipzig,Kuehne+Nagel,768,38.7,333.36,3,4,Delayed
SHP-000063,2025-05-14,Berlin,Cologne,Kuehne+Nagel,660,145.3,338.73,3,3,On time
SHP-001360,2025-05-14,Cologne,Berlin,DHL,462,10.3,236.36,2,2,On time
SHP-001271,2025-05-15,Cologne,Berlin,UPS,448,131.2,231.37,2,4,Delayed
SHP-002356,2025-05-15,Frankfurt,Berlin,DHL,681,110.7,317.44,3,5,Delayed
SHP-000628,2025-05-15,Berlin,Berlin,DHL,870,131.4,401.45,3,3,On time
SHP-000393,2025-05-15,Leipzig,Leipzig,UPS,396,180.8,192.62,2,2,On time
SHP-002279,2025-05-15,Leipzig,Frankfurt,DB Schenker,172,88.7,129.44,1,2,Delayed
SHP-000909,2025-05-16,Berlin,Berlin,DB Schenker,653,56.9,294.11,3,3,On time
SHP-001967,2025-05-16,Hamburg,Munich,Kuehne+Nagel,775,129.0,373.55,3,3,On time
SHP-001937,2025-05-16,Leipzig,Leipzig,DB Schenker,649,105.2,320.56,3,4,Delayed
SHP-000022,2025-05-16,Cologne,Berlin,DHL,118,198.7,85.87,1,1,On time
SHP-001151,2025-05-16,Hamburg,Frankfurt,Kuehne+Nagel,184,53.5,48.35,1,1,On time
SHP-001044,2025-05-16,Leipzig,Berlin,DB Schenker,753,61.7,384.67,3,4,Delayed
SHP-001864,2025-05-16,Cologne,Leipzig,UPS,921,12.4,398.47,3,3,On time
SHP-002407,2025-05-16,Munich,Hamburg,UPS,328,339.6,206.94,2,3,Delayed
SHP-000332,2025-05-16,Berlin,Munich,DB Schenker,772,52.0,370.76,3,5,Delayed
SHP-000068,2025-05-16,Cologne,Frankfurt,Kuehne+Nagel,630,134.8,279.81,3,3,On time
SHP-002415,2025-05-16,Berlin,Munich,DHL,756,22.3,330.87,3,3,On time
SHP-000576,2025-05-17,Berlin,Berlin,UPS,730,227.2,371.17,3,3,On time
SHP-001268,2025-05-17,Cologne,Hamburg,UPS,731,78.3,321.39,3,3,On time
SHP-000374,2025-05-17,Leipzig,Hamburg,UPS,270,138.7,160.19,2,2,On time
SHP-001857,2025-05-17,Munich,Cologne,DHL,919,42.9,416.07,3,3,On time
SHP-000498,2025-05-17,Hamburg,Leipzig,DB Schenker,382,59.1,191.05,2,3,Delayed
SHP-000913,2025-05-18,Munich,Munich,DB Schenker,273,34.3,149.65,2,4,Delayed
SHP-000770,2025-05-18,Berlin,Hamburg,Kuehne+Nagel,935,104.6,443.08,3,4,Delayed
SHP-001748,2025-05-18,Frankfurt,Cologne,Kuehne+Nagel,247,34.7,145.79,1,3,Delayed
SHP-001772,2025-05-18,Frankfurt,Munich,DB Schenker,542,105.4,297.68,2,3,Delayed
SHP-000379,2025-05-19,Leipzig,Berlin,UPS,837,74.2,361.66,3,3,On time
SHP-001718,2025-05-19,Munich,Hamburg,DHL,377,26.9,167.05,2,2,On time
SHP-000634,2025-05-19,Cologne,Hamburg,DHL,150,161.7,106.45,1,1,On time
SHP-001945,2025-05-19,Cologne,Berlin,UPS,721,84.5,317.69,3,3,On time
SHP-000188,2025-05-20,Leipzig,Frankfurt,UPS,571,74.0,277.88,2,3,Delayed
SHP-000758,2025-05-20,Cologne,Frankfurt,DB Schenker,250,168.7,137.72,2,3,Delayed
SHP-001285,2025-05-20,Frankfurt,Cologne,Kuehne+Nagel,936,42.4,453.21,3,5,Delayed
SHP-001593,2025-05-20,Berlin,Munich,Kuehne+Nagel,398,43.8,148.72,2,2,On time
SHP-001017,2025-05-21,Hamburg,Leipzig,DHL,227,27.5,121.16,1,2,Delayed
SHP-002405,2025-05-21,Cologne,Leipzig,DHL,244,57.9,126.78,1,1,On time
SHP-000614,2025-05-21,Leipzig,Frankfurt,Kuehne+Nagel,889,58.2,396.48,3,3,On time
SHP-001761,2025-05-21,Leipzig,Frankfurt,Kuehne+Nagel,276,74.2,132.28,2,2,On time
SHP-002428,2025-05-21,Cologne,Berlin,UPS,595,30.0,270.54,2,2,On time
SHP-001159,2025-05-21,Hamburg,Munich,UPS,371,77.7,426.58,2,2,On time
SHP-001881,2025-05-21,Berlin,Munich,UPS,897,161.4,421.37,3,3,On time
SHP-001468,2025-05-21,Berlin,Hamburg,DB Schenker,290,27.4,151.25,2,2,On time
SHP-001385,2025-05-22,Berlin,Frankfurt,DHL,221,35.7,145.69,1,1,On time
SHP-001066,2025-05-22,Berlin,Leipzig,DB Schenker,306,25.9,158.31,2,4,Delayed
SHP-001629,2025-05-22,Frankfurt,Berlin,DHL,556,29.6,269.72,2,2,On time
SHP-000094,2025-05-22,Frankfurt,Hamburg,UPS,162,118.3,94.13,1,1,On time
SHP-000809,2025-05-23,Frankfurt,Berlin,Kuehne+Nagel,100,55.8,77.25,1,3,Delayed
SHP-001173,2025-05-23,Munich,Frankfurt,DHL,590,95.7,269.42,2,2,On time
SHP-002216,2025-05-23,Berlin,Cologne,DB Schenker,515,56.3,262.37,2,2,On time
SHP-002342,2025-05-24,Frankfurt,Munich,Kuehne+Nagel,187,74.4,129.58,1,2,Delayed
SHP-001774,2025-05-24,Cologne,Leipzig,DHL,353,55.2,166.97,2,2,On time
SHP-001352,2025-05-24,Cologne,Berlin,UPS,119,33.4,85.09,1,1,On time
SHP-001921,2025-05-24,Leipzig,Berlin,Kuehne+Nagel,707,103.2,324.12,3,4,Delayed
SHP-000552,2025-05-24,Berlin,Cologne,UPS,232,423.4,205.38,1,1,On time
SHP-002012,2025-05-24,Hamburg,Berlin,DHL,534,60.3,271.48,2,3,Delayed
SHP-001094,2025-05-24,Munich,Berlin,Kuehne+Nagel,574,40.0,275.24,2,3,Delayed
SHP-001478,2025-05-24,Hamburg,Hamburg,Kuehne+Nagel,938,121.4,399.76,3,4,Delayed
SHP-002059,2025-05-24,Berlin,Leipzig,DB Schenker,732,43.6,352.29,3,4,Delayed
SHP-001283,2025-05-24,Cologne,Leipzig,UPS,171,91.1,105.78,1,1,On time
SHP-002384,2025-05-24,Munich,Berlin,DB Schenker,219,17.9,122.55,1,1,On time
SHP-001694,2025-05-25,Leipzig,Leipzig,DB Schenker,113,92.7,73.85,1,3,Delayed
SHP-001666,2025-05-25,Cologne,Berlin,DHL,671,112.0,349.84,3,4,Delayed
SHP-001754,2025-05-25,Berlin,Cologne,UPS,374,93.6,168.1,2,2,On time
SHP-001320,2025-05-25,Hamburg,Berlin,Kuehne+Nagel,856,177.2,378.19,3,3,On time
SHP-002291,2025-05-25,Cologne,Leipzig,DB Schenker,251,41.0,145.96,2,3,Delayed
SHP-002374,2025-05-26,Hamburg,Frankfurt,DB Schenker,591,26.2,252.38,2,3,Delayed
SHP-001168,2025-05-26,Frankfurt,Frankfurt,UPS,237,52.1,96.33,1,1,On time
SHP-002003,2025-05-26,Munich,Frankfurt,DHL,947,210.7,443.66,3,3,On time
SHP-002134,2025-05-26,Leipzig,Cologne,DB Schenker,231,130.4,129.82,1,3,Delayed
SHP-000440,2025-05-26,Leipzig,Berlin,UPS,226,92.5,104.38,1,2,Delayed
SHP-002140,2025-05-27,Munich,Berlin,UPS,879,104.7,397.85,3,4,Delayed
SHP-002225,2025-05-27,Leipzig,Hamburg,UPS,332,10.8,154.97,2,2,On time
SHP-001847,2025-05-27,Leipzig,Leipzig,Kuehne+Nagel,123,38.5,80.32,1,1,On time
SHP-001956,2025-05-27,Cologne,Leipzig,Kuehne+Nagel,138,52.0,81.2,1,3,Delayed
SHP-000027,2025-05-27,Hamburg,Hamburg,UPS,487,94.2,249.52,2,2,On time
SHP-000957,2025-05-27,Cologne,Leipzig,Kuehne+Nagel,732,43.2,310.56,3,3,On time
SHP-001302,2025-05-27,Frankfurt,Munich,UPS,586,144.7,291.73,2,3,Delayed
SHP-002073,2025-05-27,Berlin,Berlin,DB Schenker,510,59.3,254.64,2,3,Delayed
SHP-002163,2025-05-28,Cologne,Frankfurt,Kuehne+Nagel,214,31.3,112.28,1,2,Delayed
SHP-000942,2025-05-28,Frankfurt,Berlin,Kuehne+Nagel,101,50.6,117.15,1,2,Delayed
SHP-000585,2025-05-28,Cologne,Frankfurt,DB Schenker,375,68.4,181.1,2,3,Delayed
SHP-001866,2025-05-28,Frankfurt,Munich,UPS,809,75.8,346.1,3,3,On time
SHP-002060,2025-05-28,Leipzig,Frankfurt,DHL,644,245.0,315.34,3,4,Delayed
SHP-001131,2025-05-29,Hamburg,Munich,UPS,483,95.1,256.35,2,2,On time
SHP-002076,2025-05-29,Leipzig,Berlin,DB Schenker,744,93.6,319.25,3,4,Delayed
SHP-000164,2025-05-29,Frankfurt,Munich,UPS,512,27.2,207.16,2,3,Delayed
SHP-001340,2025-05-29,Cologne,Frankfurt,Kuehne+Nagel,909,29.6,401.54,3,4,Delayed
SHP-000687,2025-05-29,Frankfurt,Hamburg,UPS,746,76.6,362.46,3,3,On time
SHP-001688,2025-05-29,Munich,Leipzig,UPS,266,69.9,126.39,2,3,Delayed
SHP-001875,2025-05-30,Hamburg,Cologne,Kuehne+Nagel,343,43.1,200.07,2,3,Delayed
SHP-000065,2025-05-30,Berlin,Hamburg,UPS,462,46.9,215.98,2,3,Delayed
SHP-001495,2025-05-30,Berlin,Berlin,DB Schenker,524,80.3,216.63,2,3,Delayed
SHP-002192,2025-05-30,Cologne,Cologne,DB Schenker,137,33.7,71.61,1,3,Delayed
SHP-001762,2025-05-30,Frankfurt,Cologne,Kuehne+Nagel,255,143.4,123.37,2,4,Delayed
SHP-000373,2025-05-30,Hamburg,Berlin,DHL,791,129.6,374.68,3,3,On time
SHP-001835,2025-05-30,Munich,Munich,Kuehne+Nagel,877,211.9,434.03,3,4,Delayed
SHP-000163,2025-05-30,Leipzig,Cologne,Kuehne+Nagel,210,137.1,283.36,1,1,On time
SHP-000144,2025-05-30,Hamburg,Hamburg,DHL,485,117.7,256.08,2,2,On time
SHP-000962,2025-05-30,Hamburg,Leipzig,Kuehne+Nagel,902,258.1,433.77,3,4,Delayed
SHP-000960,2025-05-31,Leipzig,Leipzig,UPS,424,28.9,217.31,2,2,On time
SHP-000496,2025-05-31,Berlin,Hamburg,DB Schenker,629,190.4,321.92,3,3,On time
SHP-001719,2025-05-31,Leipzig,Cologne,Kuehne+Nagel,538,62.2,250.86,2,3,Delayed
SHP-002357,2025-05-31,Cologne,Berlin,Kuehne+Nagel,815,72.9,353.82,3,3,On time
SHP-001888,2025-05-31,Leipzig,Frankfurt,UPS,131,158.6,136.4,1,1,On time
SHP-001252,2025-05-31,Cologne,Cologne,Kuehne+Nagel,774,65.1,354.96,3,4,Delayed
SHP-000907,2025-05-31,Berlin,Munich,Kuehne+Nagel,389,136.9,205.1,2,2,On time
SHP-000248,2025-06-01,Berlin,Cologne,Kuehne+Nagel,783,56.0,348.06,3,3,On time
SHP-000572,2025-06-01,Berlin,Munich,Kuehne+Nagel,498,162.9,272.11,2,3,Delayed
SHP-001584,2025-06-01,Berlin,Hamburg,Kuehne+Nagel,765,85.4,339.17,3,3,On time
SHP-002473,2025-06-01,Leipzig,Munich,Kuehne+Nagel,807,91.0,349.36,3,4,Delayed
SHP-001635,2025-06-01,Leipzig,Hamburg,DB Schenker,938,169.1,396.77,3,4,Delayed
SHP-001309,2025-06-01,Cologne,Cologne,DB Schenker,531,62.1,284.05,2,2,On time
SHP-001191,2025-06-01,Hamburg,Hamburg,DB Schenker,429,60.5,183.72,2,3,Delayed
SHP-002017,2025-06-01,Leipzig,Munich,DHL,385,166.5,203.6,2,2,On time
SHP-001485,2025-06-01,Frankfurt,Munich,DB Schenker,826,33.4,371.68,3,4,Delayed
SHP-001043,2025-06-01,Frankfurt,Hamburg,Kuehne+Nagel,153,78.8,107.63,1,2,Delayed
SHP-001079,2025-06-02,Cologne,Hamburg,DHL,846,37.0,400.6,3,4,Delayed
SHP-001225,2025-06-02,Frankfurt,Berlin,DB Schenker,87,106.3,46.33,1,1,On time
SHP-000425,2025-06-02,Berlin,Frankfurt,Kuehne+Nagel,448,18.5,240.86,2,2,On time
SHP-002290,2025-06-02,Hamburg,Cologne,Kuehne+Nagel,597,73.5,276.83,2,2,On time
SHP-000165,2025-06-02,Frankfurt,Munich,UPS,266,21.1,102.02,2,2,On time
SHP-000275,2025-06-02,Frankfurt,Cologne,DB Schenker,554,84.1,296.44,2,3,Delayed
SHP-001480,2025-06-02,Frankfurt,Cologne,Kuehne+Nagel,211,143.5,106.58,1,1,On time
SHP-000972,2025-06-02,Munich,Berlin,DB Schenker,729,149.7,361.68,3,4,Delayed
SHP-002495,2025-06-02,Hamburg,Munich,DHL,638,97.3,316.32,3,5,Delayed
SHP-000624,2025-06-02,Munich,Frankfurt,DHL,613,39.1,290.16,3,4,Delayed
SHP-002420,2025-06-02,Cologne,Berlin,DHL,538,78.6,239.95,2,2,On time
SHP-000732,2025-06-02,Munich,Leipzig,Kuehne+Nagel,265,84.2,138.95,2,2,On time
SHP-000464,2025-06-02,Berlin,Cologne,DB Schenker,138,110.8,83.31,1,1,On time
SHP-000929,2025-06-02,Leipzig,Munich,DB Schenker,758,73.2,355.35,3,5,Delayed
SHP-002070,2025-06-03,Berlin,Hamburg,DHL,257,150.8,143.36,2,4,Delayed
SHP-001678,2025-06-03,Frankfurt,Cologne,UPS,703,96.3,323.1,3,3,On time
SHP-001374,2025-06-03,Berlin,Hamburg,UPS,493,58.8,251.65,2,2,On time
SHP-001185,2025-06-03,Leipzig,Hamburg,UPS,928,127.1,424.54,3,4,Delayed
SHP-000777,2025-06-04,Cologne,Berlin,Kuehne+Nagel,142,21.2,68.54,1,2,Delayed
SHP-002341,2025-06-04,Munich,Cologne,UPS,743,27.4,330.19,3,3,On time
SHP-002224,2025-06-04,Hamburg,Frankfurt,DB Schenker,125,40.8,33.26,1,1,On time
SHP-002476,2025-06-04,Hamburg,Cologne,Kuehne+Nagel,778,137.1,355.04,3,3,On time
SHP-001059,2025-06-04,Munich,Berlin,Kuehne+Nagel,226,83.2,146.02,1,1,On time
SHP-002250,2025-06-04,Leipzig,Leipzig,DHL,397,96.6,203.89,2,3,Delayed
SHP-001437,2025-06-05,Cologne,Munich,DHL,535,94.0,224.65,2,3,Delayed
SHP-001333,2025-06-05,Frankfurt,Berlin,UPS,783,69.9,339.64,3,3,On time
SHP-002276,2025-06-05,Frankfurt,Hamburg,DHL,119,37.3,64.26,1,2,Delayed
SHP-001841,2025-06-05,Leipzig,Munich,DB Schenker,125,43.1,62.7,1,1,On time
SHP-000500,2025-06-05,Munich,Munich,DHL,656,87.4,317.31,3,3,On time
SHP-000547,2025-06-06,Frankfurt,Cologne,UPS,713,70.5,358.97,3,3,On time
SHP-001687,2025-06-06,Frankfurt,Leipzig,Kuehne+Nagel,311,95.8,143.52,2,2,On time
SHP-000954,2025-06-06,Munich,Frankfurt,Kuehne+Nagel,383,50.9,164.42,2,3,Delayed
SHP-000238,2025-06-07,Frankfurt,Cologne,UPS,243,43.9,134.12,1,1,On time
SHP-000795,2025-06-07,Hamburg,Frankfurt,DB Schenker,247,169.9,116.4,1,2,Delayed
SHP-001153,2025-06-07,Leipzig,Cologne,DHL,436,19.5,224.08,2,2,On time
SHP-001741,2025-06-07,Cologne,Munich,Kuehne+Nagel,371,99.4,156.81,2,2,On time
SHP-001496,2025-06-07,Leipzig,Berlin,Kuehne+Nagel,371,58.7,186.12,2,3,Delayed
SHP-000473,2025-06-07,Hamburg,Hamburg,Kuehne+Nagel,600,34.3,309.22,3,4,Delayed
SHP-000994,2025-06-07,Cologne,Frankfurt,DHL,727,312.2,390.5,3,3,On time
SHP-001100,2025-06-08,Munich,Leipzig,DB Schenker,621,45.3,255.77,3,3,On time
SHP-001444,2025-06-08,Frankfurt,Berlin,UPS,923,42.8,430.57,3,3,On time
SHP-001924,2025-06-08,Leipzig,Leipzig,UPS,476,128.0,240.83,2,2,On time
SHP-000621,2025-06-08,Cologne,Hamburg,Kuehne+Nagel,622,89.3,295.7,3,4,Delayed
SHP-000005,2025-06-08,Berlin,Hamburg,DHL,124,49.3,72.06,1,1,On time
SHP-002007,2025-06-08,Cologne,Munich,DB Schenker,332,26.9,145.12,2,4,Delayed
SHP-000633,2025-06-08,Berlin,Frankfurt,UPS,741,28.7,347.79,3,4,Delayed
SHP-000354,2025-06-08,Hamburg,Cologne,DB Schenker,158,45.5,125.58,1,1,On time
SHP-000155,2025-06-08,Berlin,Leipzig,DB Schenker,820,49.0,375.17,3,4,Delayed
SHP-000435,2025-06-08,Frankfurt,Berlin,UPS,782,92.7,357.92,3,3,On time
SHP-000091,2025-06-08,Hamburg,Cologne,UPS,141,38.5,61.53,1,1,On time
SHP-000407,2025-06-08,Berlin,Cologne,DB Schenker,623,205.7,313.86,3,3,On time
SHP-001039,2025-06-09,Frankfurt,Cologne,DHL,539,142.0,276.95,2,2,On time
SHP-000756,2025-06-09,Munich,Cologne,UPS,244,176.4,162.37,1,1,On time
SHP-000140,2025-06-09,Leipzig,Berlin,DHL,821,155.4,354.85,3,3,On time
SHP-002318,2025-06-09,Leipzig,Munich,DHL,366,245.9,211.75,2,2,On time
SHP-001992,2025-06-09,Hamburg,Berlin,DHL,251,136.1,149.19,2,2,On time
SHP-000082,2025-06-09,Munich,Berlin,DB Schenker,481,55.8,226.05,2,3,Delayed
SHP-000121,2025-06-10,Hamburg,Hamburg,DHL,817,85.7,374.44,3,3,On time
SHP-002135,2025-06-10,Berlin,Munich,DB Schenker,168,56.6,98.27,1,1,On time
SHP-001418,2025-06-10,Leipzig,Hamburg,DHL,819,252.7,389.57,3,4,Delayed
SHP-000298,2025-06-10,Frankfurt,Hamburg,DB Schenker,573,19.4,252.77,2,4,Delayed
SHP-000004,2025-06-10,Munich,Berlin,DB Schenker,173,136.2,114.17,1,1,On time
SHP-002078,2025-06-10,Berlin,Leipzig,UPS,253,78.0,114.99,2,2,On time
SHP-001220,2025-06-10,Cologne,Munich,DHL,308,22.5,144.71,2,2,On time
SHP-000935,2025-06-11,Frankfurt,Berlin,DB Schenker,284,87.3,168.98,2,3,Delayed
SHP-000030,2025-06-11,Hamburg,Cologne,Kuehne+Nagel,581,75.7,289.98,2,4,Delayed
SHP-000800,2025-06-11,Munich,Munich,UPS,778,94.9,341.27,3,3,On time
SHP-000285,2025-06-11,Frankfurt,Frankfurt,Kuehne+Nagel,873,30.7,412.42,3,3,On time
SHP-001293,2025-06-11,Leipzig,Cologne,UPS,302,44.5,158.46,2,3,Delayed
SHP-002157,2025-06-11,Cologne,Leipzig,Kuehne+Nagel,195,70.8,127.79,1,1,On time
SHP-001729,2025-06-12,Munich,Munich,Kuehne+Nagel,382,33.0,158.96,2,2,On time
SHP-000869,2025-06-12,Berlin,Munich,Kuehne+Nagel,448,166.6,246.82,2,2,On time
SHP-000689,2025-06-12,Cologne,Munich,DHL,131,49.7,91.32,1,1,On time
SHP-000186,2025-06-12,Berlin,Frankfurt,DB Schenker,499,35.2,255.02,2,3,Delayed
SHP-000923,2025-06-12,Cologne,Munich,DHL,602,92.5,249.3,3,4,Delayed
SHP-000047,2025-06-12,Leipzig,Leipzig,UPS,771,130.9,334.64,3,3,On time
SHP-001263,2025-06-12,Munich,Leipzig,Kuehne+Nagel,580,66.3,263.42,2,2,On time
SHP-002146,2025-06-12,Frankfurt,Berlin,DB Schenker,430,235.0,248.47,2,3,Delayed
SHP-002382,2025-06-13,Munich,Frankfurt,DHL,947,61.3,398.02,3,3,On time
SHP-001184,2025-06-13,Cologne,Hamburg,DHL,575,118.3,277.06,2,2,On time
SHP-001643,2025-06-13,Munich,Frankfurt,Kuehne+Nagel,222,52.9,137.88,1,3,Delayed
SHP-001092,2025-06-13,Munich,Frankfurt,DB Schenker,336,57.3,178.96,2,3,Delayed
SHP-001473,2025-06-13,Hamburg,Hamburg,Kuehne+Nagel,187,87.0,112.83,1,1,On time
SHP-000219,2025-06-13,Hamburg,Frankfurt,DHL,584,53.7,284.2,2,2,On time
SHP-001319,2025-06-13,Cologne,Hamburg,UPS,625,70.2,294.04,3,3,On time
SHP-000267,2025-06-13,Cologne,Frankfurt,UPS,401,69.7,173.28,2,2,On time
SHP-000883,2025-06-13,Leipzig,Berlin,UPS,916,44.5,411.81,3,3,On time
SHP-001331,2025-06-14,Frankfurt,Frankfurt,DHL,860,37.3,370.61,3,3,On time
SHP-002435,2025-06-14,Frankfurt,Munich,UPS,410,49.1,195.38,2,2,On time
SHP-001919,2025-06-14,Munich,Cologne,UPS,700,14.3,296.27,3,3,On time
SHP-000214,2025-06-14,Frankfurt,Cologne,DHL,532,103.3,271.67,2,2,On time
SHP-001890,2025-06-14,Leipzig,Cologne,Kuehne+Nagel,600,38.8,285.24,3,3,On time
SHP-000020,2025-06-14,Munich,Hamburg,DB Schenker,947,41.2,425.59,3,4,Delayed
SHP-001057,2025-06-14,Hamburg,Berlin,DHL,692,118.7,344.79,3,4,Delayed
SHP-001373,2025-06-14,Hamburg,Munich,DB Schenker,832,237.5,405.45,3,3,On time
SHP-002040,2025-06-14,Cologne,Frankfurt,DB Schenker,836,45.6,334.64,3,4,Delayed
SHP-000031,2025-06-14,Berlin,Hamburg,DB Schenker,876,16.1,419.67,3,4,Delayed
SHP-002217,2025-06-14,Cologne,Hamburg,DHL,853,112.8,379.01,3,4,Delayed
SHP-002243,2025-06-15,Hamburg,Munich,Kuehne+Nagel,452,63.7,213.34,2,3,Delayed
SHP-001566,2025-06-15,Cologne,Munich,UPS,380,89.3,188.19,2,2,On time
SHP-002205,2025-06-15,Hamburg,Hamburg,DHL,719,36.3,306.81,3,3,On time
SHP-002337,2025-06-15,Munich,Cologne,DHL,199,39.0,106.71,1,1,On time
SHP-000792,2025-06-15,Leipzig,Hamburg,DHL,483,128.5,231.8,2,2,On time
SHP-001853,2025-06-15,Berlin,Leipzig,DB Schenker,559,259.3,302.65,2,2,On time
SHP-000506,2025-06-15,Munich,Munich,DB Schenker,402,129.8,183.84,2,3,Delayed
SHP-002047,2025-06-15,Hamburg,Frankfurt,Kuehne+Nagel,594,42.5,308.99,2,2,On time
SHP-002391,2025-06-15,Leipzig,Cologne,Kuehne+Nagel,809,16.3,349.01,3,3,On time
SHP-001368,2025-06-15,Munich,Frankfurt,DHL,785,61.3,357.13,3,3,On time
SHP-001803,2025-06-15,Berlin,Hamburg,DB Schenker,196,46.0,129.16,1,2,Delayed
SHP-000833,2025-06-15,Leipzig,Cologne,UPS,295,41.5,125.53,2,2,On time
SHP-000537,2025-06-16,Frankfurt,Berlin,DB Schenker,778,63.6,337.95,3,3,On time
SHP-001458,2025-06-16,Hamburg,Cologne,Kuehne+Nagel,718,62.0,332.24,3,4,Delayed
SHP-002180,2025-06-16,Leipzig,Frankfurt,DB Schenker,140,98.6,106.31,1,1,On time
SHP-000205,2025-06-16,Cologne,Munich,UPS,139,33.3,73.62,1,1,On time
SHP-000222,2025-06-16,Munich,Leipzig,DHL,661,60.1,284.29,3,3,On time
SHP-001743,2025-06-16,Hamburg,Berlin,Kuehne+Nagel,797,42.7,349.92,3,4,Delayed
SHP-000871,2025-06-16,Hamburg,Munich,Kuehne+Nagel,938,65.3,411.4,3,3,On time
SHP-000905,2025-06-17,Hamburg,Frankfurt,Kuehne+Nagel,421,77.4,156.27,2,2,On time
SHP-000798,2025-06-17,Leipzig,Hamburg,UPS,869,89.5,424.63,3,4,Delayed
SHP-000114,2025-06-17,Hamburg,Munich,Kuehne+Nagel,599,225.3,322.84,2,2,On time
SHP-002004,2025-06-17,Leipzig,Leipzig,DB Schenker,751,74.1,354.38,3,3,On time
SHP-000916,2025-06-17,Hamburg,Berlin,DB Schenker,438,13.5,202.7,2,2,On time
SHP-000335,2025-06-17,Hamburg,Hamburg,UPS,417,227.8,261.12,2,4,Delayed
SHP-001555,2025-06-17,Cologne,Cologne,DHL,85,89.1,50.62,1,1,On time
SHP-000612,2025-06-18,Frankfurt,Cologne,DHL,743,51.6,342.07,3,3,On time
SHP-002274,2025-06-18,Berlin,Cologne,DHL,938,82.8,420.4,3,3,On time
SHP-001213,2025-06-18,Berlin,Munich,Kuehne+Nagel,782,37.3,354.01,3,3,On time
SHP-000647,2025-06-18,Leipzig,Munich,DHL,638,148.9,324.32,3,3,On time
SHP-001520,2025-06-18,Hamburg,Cologne,Kuehne+Nagel,678,40.3,318.74,3,3,On time
SHP-002189,2025-06-18,Berlin,Cologne,DHL,86,93.2,89.33,1,1,On time
SHP-000939,2025-06-18,Cologne,Leipzig,DB Schenker,893,69.7,395.86,3,3,On time
SHP-000176,2025-06-18,Frankfurt,Berlin,DHL,597,44.2,305.34,2,3,Delayed
SHP-000073,2025-06-18,Frankfurt,Berlin,UPS,715,111.8,335.72,3,3,On time
SHP-000485,2025-06-18,Leipzig,Leipzig,UPS,706,42.1,296.65,3,3,On time
SHP-002020,2025-06-18,Cologne,Cologne,Kuehne+Nagel,453,110.4,656.5999999999999,2,3,Delayed
SHP-002077,2025-06-19,Frankfurt,Hamburg,UPS,152,66.5,84.16,1,1,On time
SHP-000231,2025-06-19,Leipzig,Cologne,Kuehne+Nagel,916,238.5,422.23,3,4,Delayed
SHP-002354,2025-06-19,Berlin,Berlin,UPS,139,53.5,113.49,1,1,On time
SHP-002409,2025-06-19,Frankfurt,Munich,DHL,774,61.8,374.06,3,4,Delayed
SHP-001248,2025-06-19,Leipzig,Frankfurt,Kuehne+Nagel,936,27.3,401.68,3,3,On time
SHP-001954,2025-06-19,Munich,Hamburg,UPS,693,28.5,271.66,3,3,On time
SHP-002465,2025-06-19,Hamburg,Frankfurt,DB Schenker,901,41.2,347.52,3,3,On time
SHP-001499,2025-06-20,Berlin,Leipzig,DHL,716,186.4,359.43,3,3,On time
SHP-001768,2025-06-20,Frankfurt,Berlin,DB Schenker,887,66.7,417.61,3,3,On time
SHP-000710,2025-06-20,Berlin,Berlin,DB Schenker,284,41.2,158.22,2,3,Delayed
SHP-001802,2025-06-20,Leipzig,Leipzig,DB Schenker,650,107.3,321.3,3,3,On time
SHP-001075,2025-06-20,Cologne,Hamburg,Kuehne+Nagel,909,42.7,375.89,3,3,On time
SHP-000474,2025-06-20,Frankfurt,Munich,DB Schenker,933,146.1,426.14,3,3,On time
SHP-000054,2025-06-20,Leipzig,Hamburg,DB Schenker,248,185.7,162.76,1,3,Delayed
SHP-000277,2025-06-20,Berlin,Cologne,Kuehne+Nagel,534,20.1,235.62,2,3,Delayed
SHP-001968,2025-06-21,Berlin,Leipzig,DB Schenker,906,41.9,402.4,3,3,On time
SHP-002454,2025-06-21,Hamburg,Cologne,UPS,204,52.8,96.58,1,1,On time
SHP-000367,2025-06-21,Cologne,Berlin,DHL,354,53.8,179.02,2,3,Delayed
SHP-001431,2025-06-21,Munich,Berlin,DHL,696,31.7,343.11,3,4,Delayed
SHP-001102,2025-06-21,Frankfurt,Munich,UPS,610,161.9,277.87,3,3,On time
SHP-000124,2025-06-21,Berlin,Leipzig,UPS,883,104.8,401.11,3,3,On time
SHP-001712,2025-06-21,Leipzig,Cologne,Kuehne+Nagel,698,201.1,358.3,3,5,Delayed
SHP-001697,2025-06-21,Leipzig,Cologne,Kuehne+Nagel,561,91.3,260.49,2,2,On time
SHP-000070,2025-06-21,Hamburg,Leipzig,DB Schenker,886,47.5,400.47,3,3,On time
SHP-000109,2025-06-22,Leipzig,Cologne,Kuehne+Nagel,537,98.7,260.34,2,2,On time
SHP-000290,2025-06-22,Cologne,Frankfurt,DHL,806,54.5,403.22,3,4,Delayed
SHP-001789,2025-06-22,Frankfurt,Berlin,DHL,744,185.3,374.43,3,3,On time
SHP-002395,2025-06-22,Munich,Cologne,Kuehne+Nagel,499,84.8,225.29,2,2,On time
SHP-002026,2025-06-22,Cologne,Munich,UPS,478,42.0,207.33,2,2,On time
SHP-002456,2025-06-23,Hamburg,Munich,DHL,247,77.7,124.86,1,2,Delayed
SHP-000076,2025-06-23,Hamburg,Berlin,UPS,366,280.5,193.02,2,2,On time
SHP-000974,2025-06-23,Cologne,Leipzig,DHL,850,185.2,414.94,3,3,On time
SHP-002459,2025-06-23,Cologne,Hamburg,DB Schenker,879,357.7,463.61,3,3,On time
SHP-002239,2025-06-23,Frankfurt,Cologne,DHL,384,45.3,209.62,2,2,On time
SHP-002463,2025-06-23,Hamburg,Hamburg,UPS,937,50.2,447.34,3,3,On time
SHP-001420,2025-06-23,Berlin,Munich,Kuehne+Nagel,614,32.5,286.85,3,4,Delayed
SHP-000519,2025-06-23,Cologne,Leipzig,UPS,600,75.3,299.2,3,3,On time
SHP-001541,2025-06-23,Munich,Leipzig,UPS,365,31.7,194.73,2,2,On time
SHP-000709,2025-06-23,Leipzig,Munich,UPS,445,46.7,169.23,2,2,On time
SHP-000944,2025-06-23,Leipzig,Munich,DB Schenker,271,50.2,132.37,2,4,Delayed
SHP-000622,2025-06-24,Cologne,Munich,Kuehne+Nagel,948,102.1,468.03,3,3,On time
SHP-001202,2025-06-24,Leipzig,Berlin,UPS,280,54.9,113.88,2,2,On time
SHP-000768,2025-06-24,Frankfurt,Munich,DHL,680,34.2,344.73,3,3,On time
SHP-000973,2025-06-24,Cologne,Munich,Kuehne+Nagel,719,81.7,305.97,3,3,On time
SHP-000785,2025-06-24,Frankfurt,Berlin,DHL,440,52.6,213.58,2,2,On time
SHP-001795,2025-06-24,Cologne,Hamburg,UPS,886,75.4,395.44,3,3,On time
SHP-001799,2025-06-24,Frankfurt,Frankfurt,DHL,111,87.1,83.99,1,2,Delayed
SHP-000644,2025-06-25,Hamburg,Munich,DB Schenker,574,152.5,266.83,2,2,On time
SHP-001508,2025-06-25,Cologne,Berlin,Kuehne+Nagel,646,54.3,338.5,3,5,Delayed
SHP-001932,2025-06-25,Berlin,Hamburg,DHL,156,66.7,92.19,1,1,On time
SHP-001808,2025-06-25,Cologne,Leipzig,DB Schenker,775,18.6,304.39,3,5,Delayed
SHP-001101,2025-06-25,Berlin,Leipzig,DHL,467,245.7,268.61,2,3,Delayed
SHP-002178,2025-06-25,Leipzig,Berlin,DHL,573,139.0,274.99,2,2,On time
SHP-001517,2025-06-26,Frankfurt,Berlin,DB Schenker,315,108.6,179.97,2,3,Delayed
SHP-000276,2025-06-26,Berlin,Leipzig,DHL,342,193.9,189.78,2,2,On time
SHP-001146,2025-06-26,Hamburg,Cologne,Kuehne+Nagel,539,202.4,734.468,2,2,On time
SHP-002416,2025-06-27,Berlin,Cologne,DHL,168,115.2,132.62,1,1,On time
SHP-001031,2025-06-27,Leipzig,Hamburg,Kuehne+Nagel,410,14.8,186.08,2,2,On time
SHP-000282,2025-06-27,Munich,Leipzig,UPS,894,64.9,381.58,3,3,On time
SHP-002156,2025-06-28,Cologne,Berlin,Kuehne+Nagel,252,76.2,142.32,2,2,On time
SHP-000651,2025-06-28,Cologne,Munich,UPS,700,199.6,344.69,3,3,On time
SHP-000729,2025-06-28,Munich,Munich,DHL,721,132.0,347.42,3,5,Delayed
SHP-001244,2025-06-28,Cologne,Berlin,UPS,462,202.9,253.46,2,3,Delayed
SHP-000444,2025-06-28,Leipzig,Munich,DB Schenker,243,57.4,137.38,1,1,On time
SHP-001116,2025-06-28,Hamburg,Frankfurt,DHL,468,80.2,224.54,2,3,Delayed
SHP-001492,2025-06-28,Leipzig,Cologne,Kuehne+Nagel,735,104.8,339.67,3,5,Delayed
SHP-000284,2025-06-29,Cologne,Cologne,DHL,808,28.6,372.44,3,3,On time
SHP-000718,2025-06-29,Frankfurt,Leipzig,Kuehne+Nagel,454,122.4,194.74,2,2,On time
SHP-001477,2025-06-29,Leipzig,Cologne,DB Schenker,640,32.3,290.71,3,3,On time
SHP-000235,2025-06-29,Berlin,Frankfurt,DB Schenker,469,185.8,264.56,2,2,On time
SHP-001918,2025-06-29,Cologne,Frankfurt,UPS,215,47.1,117.64,1,2,Delayed
SHP-000563,2025-06-29,Leipzig,Berlin,DHL,412,60.2,191.54,2,2,On time
SHP-002298,2025-06-29,Munich,Cologne,DHL,187,69.5,104.69,1,1,On time
SHP-001018,2025-06-30,Munich,Munich,DHL,865,26.2,407.14,3,3,On time
SHP-000252,2025-06-30,Leipzig,Hamburg,DHL,150,82.2,87.28,1,1,On time
SHP-001353,2025-06-30,Munich,Frankfurt,DB Schenker,171,138.3,131.3,1,2,Delayed
SHP-000185,2025-06-30,Hamburg,Munich,DHL,519,78.9,273.46,2,2,On time
SHP-001120,2025-06-30,Cologne,Leipzig,Kuehne+Nagel,155,259.2,109.49,1,1,On time
SHP-001519,2025-06-30,Berlin,Munich,DB Schenker,242,61.6,154.35,1,1,On time
SHP-000203,2025-06-30,Leipzig,Munich,DHL,272,91.7,156.48,2,2,On time
SHP-001549,2025-06-30,Cologne,Munich,UPS,372,115.7,208.85,2,2,On time
SHP-001814,2025-06-30,Cologne,Hamburg,UPS,165,55.9,76.2,1,1,On time
SHP-000183,2025-07-01,Leipzig,Leipzig,DB Schenker,419,39.9,206.67,2,3,Delayed
SHP-002011,2025-07-01,Frankfurt,Hamburg,DB Schenker,340,46.2,165.92,2,3,Delayed
SHP-000055,2025-07-01,Berlin,Cologne,DHL,934,111.6,381.23,3,3,On time
SHP-001356,2025-07-01,Berlin,Hamburg,Kuehne+Nagel,698,42.0,327.29,3,5,Delayed
SHP-000405,2025-07-02,Frankfurt,Berlin,DHL,647,65.6,296.64,3,3,On time
SHP-000180,2025-07-02,Berlin,Cologne,DB Schenker,405,65.6,170.41,2,3,Delayed
SHP-000406,2025-07-02,Frankfurt,Frankfurt,DB Schenker,831,215.5,394.22,3,3,On time
SHP-000453,2025-07-02,Munich,Berlin,DB Schenker,894,38.6,418.57,3,3,On time
SHP-000021,2025-07-02,Frankfurt,Hamburg,DB Schenker,465,53.0,248.72,2,2,On time
SHP-002254,2025-07-02,Frankfurt,Frankfurt,DB Schenker,838,74.1,418.72,3,4,Delayed
SHP-001162,2025-07-02,Leipzig,Leipzig,DHL,487,221.6,249.46,2,2,On time
SHP-001008,2025-07-03,Cologne,Hamburg,DHL,786,126.6,343.45,3,4,Delayed
SHP-001737,2025-07-03,Frankfurt,Hamburg,DHL,901,25.5,391.74,3,4,Delayed
SHP-001091,2025-07-03,Munich,Leipzig,UPS,177,148.9,141.49,1,1,On time
SHP-000667,2025-07-03,Hamburg,Frankfurt,Kuehne+Nagel,731,247.6,347.27,3,4,Delayed
SHP-001379,2025-07-03,Frankfurt,Munich,DHL,235,57.6,150.63,1,1,On time
SHP-001053,2025-07-03,Frankfurt,Leipzig,Kuehne+Nagel,896,62.0,394.83,3,5,Delayed
SHP-000115,2025-07-04,Berlin,Frankfurt,UPS,170,96.5,117.48,1,1,On time
SHP-000420,2025-07-04,Munich,Hamburg,Kuehne+Nagel,409,28.7,195.27,2,2,On time
SHP-000556,2025-07-04,Munich,Frankfurt,DB Schenker,496,123.4,230.27,2,3,Delayed
SHP-002251,2025-07-04,Cologne,Munich,UPS,115,126.1,88.98,1,1,On time
SHP-000159,2025-07-04,Berlin,Berlin,DHL,664,178.4,325.39,3,3,On time
SHP-000876,2025-07-04,Munich,Berlin,UPS,519,58.3,228.15,2,2,On time
SHP-002350,2025-07-04,Frankfurt,Berlin,DHL,863,38.1,339.21,3,3,On time
SHP-000629,2025-07-04,Cologne,Berlin,UPS,518,190.7,269.18,2,3,Delayed
SHP-001152,2025-07-04,Cologne,Munich,UPS,142,48.0,81.81,1,2,Delayed
SHP-001767,2025-07-04,Cologne,Cologne,UPS,385,111.7,180.0,2,2,On time
SHP-000897,2025-07-05,Munich,Munich,DHL,474,261.3,255.65,2,2,On time
SHP-001217,2025-07-05,Hamburg,Frankfurt,Kuehne+Nagel,384,53.4,185.57,2,2,On time
SHP-001241,2025-07-05,Leipzig,Cologne,Kuehne+Nagel,275,29.7,132.57,2,2,On time
SHP-001051,2025-07-05,Frankfurt,Berlin,DB Schenker,462,156.4,239.44,2,3,Delayed
SHP-000445,2025-07-05,Hamburg,Berlin,Kuehne+Nagel,795,39.9,349.95,3,4,Delayed
SHP-000940,2025-07-05,Frankfurt,Cologne,DB Schenker,801,101.5,381.44,3,4,Delayed
SHP-002066,2025-07-05,Cologne,Frankfurt,DHL,374,64.9,187.28,2,2,On time
SHP-001490,2025-07-05,Cologne,Hamburg,DHL,493,86.2,222.59,2,3,Delayed
SHP-001618,2025-07-05,Berlin,Frankfurt,DB Schenker,193,46.0,215.544,1,2,Delayed
SHP-002313,2025-07-06,Cologne,Berlin,DHL,538,35.2,231.84,2,3,Delayed
SHP-001000,2025-07-07,Munich,Munich,Kuehne+Nagel,471,57.6,201.15,2,3,Delayed
SHP-001442,2025-07-07,Hamburg,Hamburg,UPS,351,54.0,152.81,2,2,On time
SHP-000017,2025-07-07,Cologne,Hamburg,Kuehne+Nagel,682,65.6,293.61,3,3,On time
SHP-001296,2025-07-07,Cologne,Hamburg,DHL,319,41.8,157.62,2,3,Delayed
SHP-001680,2025-07-07,Munich,Berlin,Kuehne+Nagel,485,69.0,242.85,2,2,On time
SHP-000344,2025-07-07,Berlin,Frankfurt,DB Schenker,500,52.6,245.58,2,2,On time
SHP-000608,2025-07-07,Leipzig,Leipzig,DHL,401,69.6,200.25,2,2,On time
SHP-001720,2025-07-08,Frankfurt,Berlin,UPS,221,92.6,140.6,1,1,On time
SHP-001207,2025-07-08,Cologne,Berlin,UPS,216,139.8,130.87,1,1,On time
SHP-000549,2025-07-08,Munich,Cologne,Kuehne+Nagel,227,51.2,144.6,1,1,On time
SHP-001460,2025-07-08,Leipzig,Frankfurt,Kuehne+Nagel,267,461.6,217.48,2,2,On time
SHP-000717,2025-07-08,Frankfurt,Munich,DHL,84,111.7,217.19599999999997,1,1,On time
SHP-001165,2025-07-08,Hamburg,Hamburg,DB Schenker,526,119.6,262.41,2,4,Delayed
SHP-002264,2025-07-08,Frankfurt,Hamburg,DB Schenker,286,111.5,122.53,2,3,Delayed
SHP-001583,2025-07-08,Hamburg,Hamburg,DB Schenker,749,64.9,351.06,3,3,On time
SHP-001916,2025-07-08,Munich,Berlin,UPS,465,95.0,218.64,2,3,Delayed
SHP-000803,2025-07-08,Munich,Cologne,UPS,603,141.8,266.62,3,3,On time
SHP-001010,2025-07-09,Frankfurt,Munich,DHL,384,39.1,175.59,2,4,Delayed
SHP-000701,2025-07-09,Hamburg,Leipzig,DHL,881,137.9,395.64,3,3,On time
SHP-000366,2025-07-09,Cologne,Cologne,UPS,110,56.1,74.24,1,1,On time
SHP-002133,2025-07-09,Berlin,Leipzig,DB Schenker,318,51.5,171.74,2,3,Delayed
SHP-001686,2025-07-09,Berlin,Berlin,DHL,577,41.5,260.07,2,2,On time
SHP-001015,2025-07-09,Hamburg,Cologne,UPS,308,79.5,176.91,2,3,Delayed
SHP-000449,2025-07-10,Frankfurt,Leipzig,Kuehne+Nagel,542,44.8,264.31,2,3,Delayed
SHP-000893,2025-07-10,Cologne,Munich,Kuehne+Nagel,773,32.8,380.77,3,4,Delayed
SHP-002432,2025-07-10,Leipzig,Berlin,DB Schenker,718,113.7,354.99,3,4,Delayed
SHP-000296,2025-07-10,Cologne,Leipzig,DB Schenker,876,119.8,423.08,3,4,Delayed
SHP-002477,2025-07-10,Berlin,Cologne,UPS,578,84.8,261.22,2,3,Delayed
SHP-001849,2025-07-10,Munich,Hamburg,DB Schenker,747,78.0,368.27,3,4,Delayed
SHP-000679,2025-07-10,Leipzig,Frankfurt,Kuehne+Nagel,267,88.4,144.23,2,3,Delayed
SHP-001800,2025-07-10,Munich,Berlin,UPS,161,72.2,87.53,1,1,On time
SHP-000712,2025-07-10,Frankfurt,Leipzig,UPS,320,60.5,136.6,2,2,On time
SHP-000578,2025-07-11,Munich,Berlin,UPS,789,41.6,351.2,3,3,On time
SHP-001859,2025-07-11,Hamburg,Frankfurt,UPS,662,74.3,303.27,3,4,Delayed
SHP-002029,2025-07-11,Frankfurt,Cologne,DHL,466,44.3,246.14,2,2,On time
SHP-001665,2025-07-11,Leipzig,Frankfurt,UPS,701,112.1,355.06,3,4,Delayed
SHP-002489,2025-07-11,Cologne,Leipzig,DB Schenker,890,55.2,427.86,3,4,Delayed
SHP-001074,2025-07-11,Munich,Frankfurt,UPS,367,120.6,177.84,2,2,On time
SHP-001311,2025-07-11,Berlin,Leipzig,DB Schenker,279,63.5,181.17,2,4,Delayed
SHP-001195,2025-07-11,Munich,Berlin,DHL,423,22.9,172.88,2,2,On time
SHP-001957,2025-07-12,Hamburg,Berlin,DB Schenker,594,44.1,305.9,2,3,Delayed
SHP-000997,2025-07-12,Berlin,Munich,UPS,169,77.3,119.07,1,1,On time
SHP-000011,2025-07-12,Cologne,Frankfurt,DHL,253,155.5,172.7,2,2,On time
SHP-002411,2025-07-13,Leipzig,Munich,Kuehne+Nagel,903,24.5,401.66,3,3,On time
SHP-001392,2025-07-13,Cologne,Berlin,Kuehne+Nagel,885,66.5,373.84,3,3,On time
SHP-002048,2025-07-13,Leipzig,Cologne,DHL,812,35.6,373.78,3,3,On time
SHP-000488,2025-07-13,Munich,Frankfurt,DB Schenker,760,162.8,355.2,3,5,Delayed
SHP-001164,2025-07-13,Frankfurt,Berlin,DB Schenker,917,71.6,410.69,3,4,Delayed
SHP-001991,2025-07-13,Cologne,Frankfurt,DB Schenker,243,53.7,108.27,1,2,Delayed
SHP-000995,2025-07-13,Frankfurt,Frankfurt,UPS,887,325.9,455.85,3,3,On time
SHP-001501,2025-07-13,Munich,Berlin,DB Schenker,356,196.6,179.57,2,3,Delayed
SHP-000507,2025-07-13,Leipzig,Munich,DB Schenker,601,59.1,222.36,3,3,On time
SHP-001920,2025-07-13,Munich,Cologne,DHL,170,152.4,133.96,1,2,Delayed
SHP-001147,2025-07-13,Hamburg,Cologne,DHL,638,284.5,362.76,3,4,Delayed
SHP-001299,2025-07-13,Frankfurt,Hamburg,Kuehne+Nagel,88,601.7,146.83,1,2,Delayed
SHP-001902,2025-07-13,Munich,Munich,UPS,183,13.6,106.02,1,1,On time
SHP-000747,2025-07-14,Hamburg,Hamburg,DHL,747,78.6,321.87,3,3,On time
SHP-001341,2025-07-14,Hamburg,Hamburg,UPS,837,57.6,397.53,3,4,Delayed
SHP-000656,2025-07-14,Munich,Frankfurt,DB Schenker,817,49.8,332.58,3,3,On time
SHP-000351,2025-07-14,Leipzig,Hamburg,DHL,249,112.2,147.08,1,1,On time
SHP-001725,2025-07-14,Hamburg,Hamburg,DHL,760,163.4,353.03,3,3,On time
SHP-001958,2025-07-14,Hamburg,Hamburg,DB Schenker,113,235.2,82.05,1,1,On time
SHP-001669,2025-07-14,Cologne,Munich,Kuehne+Nagel,521,40.2,262.05,2,2,On time
SHP-001335,2025-07-14,Frankfurt,Frankfurt,UPS,202,97.6,116.72,1,1,On time
SHP-001553,2025-07-14,Hamburg,Leipzig,Kuehne+Nagel,745,45.3,306.8,3,4,Delayed
SHP-002310,2025-07-14,Berlin,Frankfurt,DHL,781,46.7,366.69,3,3,On time
SHP-001922,2025-07-15,Berlin,Frankfurt,DHL,949,64.4,457.93,3,4,Delayed
SHP-000648,2025-07-15,Berlin,Frankfurt,Kuehne+Nagel,807,40.9,334.47,3,3,On time
SHP-001901,2025-07-15,Berlin,Hamburg,DB Schenker,409,37.7,204.71,2,3,Delayed
SHP-000606,2025-07-15,Hamburg,Munich,DB Schenker,343,36.6,142.3,2,2,On time
SHP-000561,2025-07-15,Hamburg,Cologne,UPS,296,16.8,142.5,2,2,On time
SHP-001636,2025-07-15,Munich,Hamburg,DB Schenker,924,140.5,429.11,3,5,Delayed
SHP-000931,2025-07-16,Leipzig,Berlin,UPS,297,117.8,150.29,2,2,On time
SHP-002336,2025-07-16,Cologne,Frankfurt,DB Schenker,539,185.0,274.73,2,4,Delayed
SHP-002139,2025-07-16,Frankfurt,Berlin,DB Schenker,615,59.1,297.44,3,3,On time
SHP-002351,2025-07-16,Leipzig,Leipzig,DB Schenker,888,95.8,402.95,3,4,Delayed
SHP-001140,2025-07-16,Leipzig,Leipzig,DB Schenker,619,338.4,327.43,3,4,Delayed
SHP-000289,2025-07-17,Leipzig,Cologne,UPS,84,72.3,49.32,1,1,On time
SHP-001848,2025-07-17,Cologne,Berlin,DHL,212,192.7,156.51,1,1,On time
SHP-001259,2025-07-17,Cologne,Leipzig,DHL,150,109.0,76.78,1,3,Delayed
SHP-001380,2025-07-17,Berlin,Leipzig,DHL,117,60.8,84.52,1,1,On time
SHP-000927,2025-07-17,Cologne,Berlin,Kuehne+Nagel,497,24.3,242.21,2,3,Delayed
SHP-002118,2025-07-17,Leipzig,Berlin,DB Schenker,600,62.1,259.71,3,4,Delayed
SHP-000539,2025-07-17,Cologne,Leipzig,DB Schenker,325,27.4,163.34,2,2,On time
SHP-000877,2025-07-17,Hamburg,Munich,Kuehne+Nagel,519,83.4,232.07,2,2,On time
SHP-000305,2025-07-18,Hamburg,Cologne,DHL,229,98.9,127.14,1,1,On time
SHP-002137,2025-07-18,Leipzig,Cologne,UPS,797,82.4,341.72,3,4,Delayed
SHP-000807,2025-07-18,Hamburg,Berlin,DB Schenker,319,25.7,152.33,2,3,Delayed
SHP-000789,2025-07-18,Frankfurt,Leipzig,Kuehne+Nagel,231,51.2,122.9,1,1,On time
SHP-000295,2025-07-18,Leipzig,Berlin,DB Schenker,140,38.9,86.44,1,1,On time
SHP-002154,2025-07-18,Frankfurt,Cologne,Kuehne+Nagel,261,304.2,186.26,2,2,On time
SHP-000917,2025-07-18,Hamburg,Munich,UPS,615,86.6,281.08,3,3,On time
SHP-000057,2025-07-19,Berlin,Hamburg,DHL,774,157.0,377.52,3,4,Delayed
SHP-002343,2025-07-19,Munich,Leipzig,DHL,165,325.7,159.8,1,1,On time
SHP-000983,2025-07-19,Berlin,Hamburg,DB Schenker,772,301.2,389.9,3,4,Delayed
SHP-000331,2025-07-19,Cologne,Cologne,DHL,882,111.8,405.03,3,3,On time
SHP-000029,2025-07-19,Berlin,Leipzig,DB Schenker,155,37.3,75.76,1,2,Delayed
SHP-002119,2025-07-19,Leipzig,Frankfurt,Kuehne+Nagel,630,107.3,279.43,3,4,Delayed
SHP-000229,2025-07-19,Hamburg,Frankfurt,Kuehne+Nagel,585,61.6,283.02,2,3,Delayed
SHP-001323,2025-07-20,Leipzig,Hamburg,DB Schenker,556,147.8,283.53,2,2,On time
SHP-001577,2025-07-20,Cologne,Frankfurt,Kuehne+Nagel,932,26.6,392.08,3,3,On time
SHP-000879,2025-07-20,Leipzig,Frankfurt,DHL,826,145.8,367.21,3,4,Delayed
SHP-000992,2025-07-20,Munich,Leipzig,DHL,632,79.4,311.2,3,3,On time
SHP-001497,2025-07-21,Munich,Berlin,Kuehne+Nagel,102,39.3,42.81,1,1,On time
SHP-001840,2025-07-21,Hamburg,Munich,DHL,517,262.2,276.75,2,3,Delayed
SHP-002404,2025-07-21,Cologne,Munich,DHL,706,75.1,354.52,3,4,Delayed
SHP-000655,2025-07-21,Hamburg,Leipzig,DHL,139,34.4,54.2,1,1,On time
SHP-001997,2025-07-21,Berlin,Hamburg,UPS,366,71.7,208.36,2,2,On time
SHP-001625,2025-07-21,Hamburg,Cologne,UPS,766,62.5,335.06,3,3,On time
SHP-000762,2025-07-21,Frankfurt,Berlin,DB Schenker,497,93.7,237.04,2,2,On time
SHP-002335,2025-07-21,Leipzig,Frankfurt,DB Schenker,929,56.8,435.21,3,5,Delayed
SHP-001222,2025-07-21,Munich,Munich,Kuehne+Nagel,586,32.3,261.19,2,2,On time
SHP-002252,2025-07-21,Cologne,Hamburg,DHL,210,68.7,104.89,1,2,Delayed
SHP-001664,2025-07-22,Munich,Cologne,Kuehne+Nagel,254,75.4,131.69,2,2,On time
SHP-000330,2025-07-22,Frankfurt,Berlin,UPS,190,531.7,137.49,1,1,On time
SHP-001084,2025-07-22,Munich,Cologne,DB Schenker,347,67.8,164.0,2,3,Delayed
SHP-000755,2025-07-22,Cologne,Berlin,DB Schenker,285,47.9,116.57,2,2,On time
SHP-000034,2025-07-22,Hamburg,Berlin,DHL,228,59.7,132.3,1,2,Delayed
SHP-001258,2025-07-22,Cologne,Leipzig,DB Schenker,556,41.0,265.48,2,2,On time
SHP-001365,2025-07-22,Berlin,Berlin,DHL,629,90.1,282.95,3,4,Delayed
SHP-000456,2025-07-22,Berlin,Munich,UPS,945,25.7,435.3,3,3,On time
SHP-000308,2025-07-22,Munich,Hamburg,DHL,350,80.3,173.97,2,2,On time
SHP-000113,2025-07-22,Munich,Frankfurt,DB Schenker,237,216.2,146.3,1,1,On time
SHP-000132,2025-07-22,Leipzig,Leipzig,DHL,671,35.8,278.07,3,4,Delayed
SHP-001938,2025-07-22,Hamburg,Hamburg,UPS,904,43.9,385.96,3,3,On time
SHP-002031,2025-07-22,Frankfurt,Cologne,DHL,106,89.4,99.4,1,1,On time
SHP-001129,2025-07-23,Munich,Frankfurt,Kuehne+Nagel,815,46.7,385.21,3,4,Delayed
SHP-001565,2025-07-23,Hamburg,Hamburg,UPS,738,96.7,305.55,3,3,On time
SHP-001003,2025-07-23,Hamburg,Berlin,Kuehne+Nagel,350,49.2,201.13,2,2,On time
SHP-000158,2025-07-23,Munich,Leipzig,UPS,315,85.9,154.95,2,2,On time
SHP-000134,2025-07-24,Cologne,Munich,DB Schenker,569,206.3,275.93,2,2,On time
SHP-002426,2025-07-24,Hamburg,Hamburg,DHL,158,84.4,98.18,1,1,On time
SHP-001975,2025-07-24,Hamburg,Berlin,DB Schenker,819,175.4,402.23,3,5,Delayed
SHP-001387,2025-07-24,Cologne,Berlin,Kuehne+Nagel,152,64.5,93.69,1,2,Delayed
SHP-001412,2025-07-24,Leipzig,Frankfurt,DHL,924,74.3,417.81,3,3,On time
SHP-002436,2025-07-25,Frankfurt,Hamburg,UPS,596,90.4,282.7,2,3,Delayed
SHP-002062,2025-07-25,Hamburg,Cologne,Kuehne+Nagel,445,34.6,187.45,2,2,On time
SHP-001434,2025-07-25,Hamburg,Munich,UPS,714,92.0,326.19,3,4,Delayed
SHP-001029,2025-07-26,Leipzig,Berlin,Kuehne+Nagel,243,27.6,133.99,1,2,Delayed
SHP-000131,2025-07-26,Munich,Hamburg,Kuehne+Nagel,894,40.0,400.03,3,3,On time
SHP-000706,2025-07-26,Cologne,Frankfurt,DB Schenker,669,37.3,295.39,3,3,On time
SHP-000980,2025-07-26,Frankfurt,Berlin,DB Schenker,757,97.7,339.64,3,4,Delayed
SHP-002402,2025-07-26,Leipzig,Leipzig,UPS,651,118.3,294.91,3,3,On time
SHP-001189,2025-07-26,Leipzig,Berlin,Kuehne+Nagel,921,64.8,392.77,3,4,Delayed
SHP-000079,2025-07-26,Cologne,Munich,UPS,923,304.8,465.09,3,4,Delayed
SHP-000126,2025-07-26,Frankfurt,Hamburg,UPS,583,119.1,296.14,2,3,Delayed
SHP-001672,2025-07-26,Cologne,Frankfurt,DHL,309,153.1,161.68,2,3,Delayed
SHP-000437,2025-07-27,Leipzig,Cologne,UPS,747,129.6,414.32,3,4,Delayed
SHP-001544,2025-07-27,Cologne,Leipzig,DB Schenker,174,37.3,100.92,1,2,Delayed
SHP-000116,2025-07-27,Cologne,Munich,Kuehne+Nagel,661,76.3,331.42,3,3,On time
SHP-002303,2025-07-28,Hamburg,Munich,DB Schenker,272,33.5,147.82,2,3,Delayed
SHP-000978,2025-07-28,Leipzig,Cologne,UPS,542,35.4,252.31,2,2,On time
SHP-000922,2025-07-28,Munich,Munich,DHL,765,59.6,330.34,3,3,On time
SHP-001759,2025-07-28,Munich,Berlin,DHL,605,209.0,305.25,3,3,On time
SHP-001455,2025-07-28,Leipzig,Frankfurt,UPS,596,119.3,299.81,2,2,On time
SHP-001728,2025-07-28,Frankfurt,Munich,UPS,613,42.1,280.71,3,4,Delayed
SHP-000570,2025-07-28,Leipzig,Munich,UPS,140,48.2,54.49,1,1,On time
SHP-000288,2025-07-28,Leipzig,Hamburg,DB Schenker,132,52.1,79.79,1,2,Delayed
SHP-000708,2025-07-28,Berlin,Hamburg,DB Schenker,788,66.7,371.08,3,3,On time
SHP-002199,2025-07-28,Leipzig,Leipzig,Kuehne+Nagel,341,71.4,175.43,2,3,Delayed
SHP-001344,2025-07-29,Berlin,Munich,UPS,341,50.9,119.46,2,2,On time
SHP-001897,2025-07-29,Frankfurt,Frankfurt,Kuehne+Nagel,336,69.4,189.89,2,3,Delayed
SHP-001631,2025-07-29,Berlin,Munich,DB Schenker,87,10.4,52.56,1,1,On time
SHP-000129,2025-07-29,Munich,Cologne,UPS,616,69.8,297.85,3,3,On time
SHP-002247,2025-07-30,Hamburg,Munich,DHL,746,89.9,357.43,3,3,On time
SHP-001765,2025-07-30,Cologne,Cologne,UPS,601,75.6,293.91,3,3,On time
SHP-000535,2025-07-30,Munich,Leipzig,DB Schenker,166,68.9,109.47,1,1,On time
SHP-001627,2025-07-30,Berlin,Munich,DHL,119,65.4,100.17,1,1,On time
SHP-000930,2025-07-30,Leipzig,Munich,UPS,342,46.7,155.34,2,3,Delayed
SHP-000597,2025-07-31,Hamburg,Cologne,DB Schenker,231,37.8,141.7,1,2,Delayed
SHP-000228,2025-07-31,Frankfurt,Munich,Kuehne+Nagel,114,106.0,55.76,1,1,On time
SHP-000677,2025-07-31,Leipzig,Munich,DB Schenker,614,123.4,277.0,3,4,Delayed
SHP-000266,2025-08-01,Cologne,Cologne,Kuehne+Nagel,545,125.2,271.64,2,3,Delayed
SHP-001760,2025-08-01,Munich,Cologne,DHL,101,60.8,77.35,1,1,On time
SHP-002123,2025-08-01,Munich,Munich,UPS,799,119.3,414.43,3,3,On time
SHP-001161,2025-08-01,Berlin,Cologne,UPS,564,21.4,279.59,2,2,On time
SHP-000424,2025-08-01,Frankfurt,Leipzig,DHL,550,113.2,280.87,2,2,On time
SHP-002037,2025-08-02,Cologne,Frankfurt,Kuehne+Nagel,150,101.8,86.03,1,1,On time
SHP-000242,2025-08-02,Cologne,Cologne,Kuehne+Nagel,164,61.6,75.32,1,2,Delayed
SHP-001791,2025-08-02,Frankfurt,Leipzig,UPS,139,85.9,70.96,1,2,Delayed
SHP-002190,2025-08-02,Leipzig,Cologne,Kuehne+Nagel,709,30.0,321.06,3,4,Delayed
SHP-001858,2025-08-02,Leipzig,Leipzig,DB Schenker,303,47.2,151.03,2,2,On time
SHP-002464,2025-08-02,Frankfurt,Berlin,DB Schenker,284,68.6,153.77,2,3,Delayed
SHP-001628,2025-08-02,Frankfurt,Hamburg,DB Schenker,158,213.1,127.99,1,2,Delayed
SHP-001415,2025-08-02,Cologne,Frankfurt,DB Schenker,766,29.6,334.75,3,4,Delayed
SHP-000786,2025-08-03,Berlin,Cologne,DHL,487,228.7,305.37,2,2,On time
SHP-001156,2025-08-03,Berlin,Frankfurt,Kuehne+Nagel,498,451.9,294.18,2,2,On time
SHP-001118,2025-08-03,Frankfurt,Munich,Kuehne+Nagel,435,64.9,188.35,2,2,On time
SHP-001423,2025-08-03,Berlin,Berlin,DB Schenker,498,93.3,279.67,2,3,Delayed
SHP-002345,2025-08-03,Leipzig,Hamburg,DB Schenker,733,20.2,357.8,3,3,On time
SHP-000985,2025-08-03,Frankfurt,Hamburg,DB Schenker,434,22.1,202.33,2,3,Delayed
SHP-000966,2025-08-03,Frankfurt,Frankfurt,DB Schenker,732,16.2,339.59,3,3,On time
SHP-001833,2025-08-03,Hamburg,Frankfurt,Kuehne+Nagel,829,55.5,351.88,3,3,On time
SHP-000260,2025-08-03,Leipzig,Leipzig,DB Schenker,453,64.6,244.63,2,3,Delayed
SHP-002235,2025-08-03,Frankfurt,Hamburg,Kuehne+Nagel,799,247.3,372.83,3,4,Delayed
SHP-000698,2025-08-04,Hamburg,Munich,DB Schenker,786,89.2,354.97,3,3,On time
SHP-001546,2025-08-04,Hamburg,Hamburg,DHL,91,33.9,84.53,1,1,On time
SHP-000981,2025-08-04,Leipzig,Berlin,Kuehne+Nagel,775,98.1,346.48,3,3,On time
SHP-001318,2025-08-04,Frankfurt,Cologne,UPS,778,114.7,363.12,3,3,On time
SHP-002065,2025-08-04,Leipzig,Cologne,DB Schenker,860,60.5,353.48,3,4,Delayed
SHP-000270,2025-08-04,Frankfurt,Munich,DHL,914,77.5,405.28,3,3,On time
SHP-001396,2025-08-04,Munich,Frankfurt,DB Schenker,888,69.0,428.41,3,4,Delayed
SHP-000548,2025-08-04,Munich,Leipzig,DB Schenker,741,442.6,388.8,3,4,Delayed
SHP-000688,2025-08-05,Berlin,Frankfurt,DB Schenker,430,46.2,189.43,2,4,Delayed
SHP-000520,2025-08-05,Leipzig,Hamburg,Kuehne+Nagel,728,22.2,328.98,3,3,On time
SHP-000915,2025-08-05,Leipzig,Frankfurt,DHL,599,70.7,297.97,2,2,On time
SHP-001608,2025-08-05,Cologne,Berlin,Kuehne+Nagel,813,49.1,375.6,3,4,Delayed
SHP-000468,2025-08-06,Cologne,Munich,Kuehne+Nagel,278,13.8,128.1,2,3,Delayed
SHP-001644,2025-08-06,Hamburg,Cologne,UPS,469,129.8,246.09,2,2,On time
SHP-001350,2025-08-06,Frankfurt,Leipzig,Kuehne+Nagel,275,64.8,144.0,2,3,Delayed
SHP-000455,2025-08-06,Frankfurt,Frankfurt,UPS,320,48.4,176.67,2,2,On time
SHP-001654,2025-08-06,Berlin,Leipzig,UPS,929,62.5,425.89,3,3,On time
SHP-000720,2025-08-07,Munich,Munich,UPS,456,95.1,214.85,2,2,On time
SHP-000665,2025-08-07,Frankfurt,Berlin,DHL,191,87.9,132.15,1,3,Delayed
SHP-002024,2025-08-07,Leipzig,Leipzig,DHL,938,39.9,418.64,3,3,On time
SHP-002445,2025-08-07,Hamburg,Berlin,DB Schenker,111,112.1,114.5,1,1,On time
SHP-000394,2025-08-07,Frankfurt,Frankfurt,UPS,873,78.0,418.5,3,3,On time
SHP-001188,2025-08-07,Frankfurt,Cologne,DB Schenker,898,67.0,416.35,3,4,Delayed
SHP-000531,2025-08-07,Munich,Hamburg,DB Schenker,717,40.9,343.04,3,3,On time
SHP-001505,2025-08-07,Hamburg,Cologne,DB Schenker,776,42.7,337.88,3,4,Delayed
SHP-001048,2025-08-08,Cologne,Frankfurt,DB Schenker,847,88.3,381.8,3,3,On time
SHP-001764,2025-08-08,Munich,Berlin,DB Schenker,738,57.0,376.45,3,3,On time
SHP-001580,2025-08-08,Berlin,Cologne,Kuehne+Nagel,744,35.7,329.25,3,4,Delayed
SHP-002414,2025-08-08,Frankfurt,Frankfurt,DHL,607,62.3,298.32,3,3,On time
SHP-000967,2025-08-08,Cologne,Berlin,UPS,548,81.2,288.9,2,2,On time
SHP-000625,2025-08-09,Munich,Leipzig,Kuehne+Nagel,463,140.4,235.04,2,2,On time
SHP-000494,2025-08-09,Hamburg,Berlin,Kuehne+Nagel,824,42.0,355.9,3,3,On time
SHP-001873,2025-08-09,Frankfurt,Cologne,Kuehne+Nagel,277,36.2,125.95,2,3,Delayed
SHP-001525,2025-08-09,Berlin,Berlin,Kuehne+Nagel,475,22.8,229.01,2,2,On time
SHP-002213,2025-08-09,Hamburg,Leipzig,UPS,851,46.3,395.54,3,3,On time
SHP-001568,2025-08-09,Hamburg,Munich,UPS,446,268.3,255.79,2,2,On time
SHP-000137,2025-08-09,Leipzig,Berlin,UPS,371,69.0,191.48,2,2,On time
SHP-002183,2025-08-10,Munich,Munich,DB Schenker,686,43.7,314.27,3,3,On time
SHP-001181,2025-08-10,Berlin,Berlin,UPS,697,76.3,336.2,3,3,On time
SHP-000490,2025-08-10,Cologne,Munich,DB Schenker,452,9.4,235.54,2,3,Delayed
SHP-000193,2025-08-10,Berlin,Hamburg,UPS,871,121.3,396.91,3,3,On time
SHP-000850,2025-08-10,Berlin,Leipzig,Kuehne+Nagel,759,117.4,362.84,3,4,Delayed
SHP-001952,2025-08-10,Frankfurt,Leipzig,UPS,300,52.0,139.43,2,3,Delayed
SHP-002144,2025-08-11,Hamburg,Hamburg,DHL,138,52.3,114.21,1,2,Delayed
SHP-001662,2025-08-11,Frankfurt,Munich,UPS,420,192.0,215.54,2,3,Delayed
SHP-002124,2025-08-11,Hamburg,Leipzig,Kuehne+Nagel,148,103.0,128.98,1,2,Delayed
SHP-001758,2025-08-11,Munich,Leipzig,DB Schenker,158,361.4,170.85,1,3,Delayed
SHP-002494,2025-08-11,Cologne,Cologne,DHL,560,36.0,269.5,2,3,Delayed
SHP-001305,2025-08-11,Cologne,Cologne,UPS,99,59.6,51.53,1,2,Delayed
SHP-000896,2025-08-12,Munich,Cologne,DHL,771,130.7,357.6,3,4,Delayed
SHP-000767,2025-08-12,Leipzig,Munich,DHL,722,125.0,338.1,3,3,On time
SHP-000956,2025-08-12,Cologne,Frankfurt,Kuehne+Nagel,832,136.8,351.69,3,3,On time
SHP-000269,2025-08-12,Cologne,Berlin,Kuehne+Nagel,496,66.3,222.56,2,2,On time
SHP-001135,2025-08-13,Hamburg,Munich,UPS,916,119.6,438.09,3,3,On time
SHP-002027,2025-08-13,Cologne,Berlin,DHL,96,281.2,135.21,1,1,On time
SHP-000953,2025-08-13,Frankfurt,Munich,DB Schenker,473,18.3,219.69,2,2,On time
SHP-000702,2025-08-13,Berlin,Hamburg,UPS,874,67.7,377.55,3,3,On time
SHP-001829,2025-08-13,Leipzig,Berlin,DHL,122,99.0,76.78,1,1,On time
SHP-000323,2025-08-13,Leipzig,Leipzig,DB Schenker,190,136.9,113.79,1,1,On time
SHP-000672,2025-08-13,Hamburg,Hamburg,DB Schenker,896,65.7,414.33,3,3,On time
SHP-000601,2025-08-13,Frankfurt,Hamburg,DB Schenker,397,106.1,189.82,2,3,Delayed
SHP-000900,2025-08-13,Frankfurt,Berlin,DHL,707,61.9,330.45,3,4,Delayed
SHP-001846,2025-08-14,Cologne,Leipzig,DB Schenker,517,22.6,255.41,2,2,On time
SHP-002393,2025-08-14,Frankfurt,Frankfurt,DB Schenker,130,181.3,113.69,1,1,On time
SHP-001554,2025-08-14,Hamburg,Berlin,Kuehne+Nagel,784,28.8,366.78,3,3,On time
SHP-000987,2025-08-14,Berlin,Frankfurt,DB Schenker,376,57.1,177.08,2,3,Delayed
SHP-001885,2025-08-14,Frankfurt,Cologne,DHL,413,292.3,229.25,2,4,Delayed
SHP-001661,2025-08-15,Berlin,Munich,DHL,430,12.0,192.73,2,3,Delayed
SHP-002417,2025-08-15,Hamburg,Hamburg,DB Schenker,171,121.5,99.62,1,2,Delayed
SHP-001200,2025-08-15,Cologne,Berlin,DB Schenker,740,24.3,320.58,3,4,Delayed
SHP-000675,2025-08-15,Berlin,Cologne,DHL,945,94.6,432.91,3,3,On time
SHP-000343,2025-08-15,Frankfurt,Leipzig,Kuehne+Nagel,744,47.8,353.66,3,3,On time
SHP-001397,2025-08-15,Munich,Berlin,Kuehne+Nagel,543,92.0,232.41,2,2,On time
SHP-001638,2025-08-15,Berlin,Hamburg,DHL,305,55.8,130.34,2,3,Delayed
SHP-001540,2025-08-15,Berlin,Berlin,UPS,405,46.2,182.79,2,2,On time
SHP-001290,2025-08-15,Frankfurt,Cologne,Kuehne+Nagel,355,52.7,151.69,2,3,Delayed
SHP-002226,2025-08-15,Hamburg,Berlin,DB Schenker,495,52.7,225.19,2,2,On time
SHP-001982,2025-08-16,Hamburg,Hamburg,Kuehne+Nagel,338,26.0,187.29,2,2,On time
SHP-001211,2025-08-16,Munich,Berlin,Kuehne+Nagel,393,61.9,169.18,2,3,Delayed
SHP-000825,2025-08-16,Hamburg,Munich,Kuehne+Nagel,457,165.9,222.39,2,3,Delayed
SHP-002128,2025-08-17,Berlin,Frankfurt,DB Schenker,237,102.3,110.29,1,2,Delayed
SHP-001755,2025-08-17,Berlin,Hamburg,UPS,377,40.2,213.05,2,2,On time
SHP-002179,2025-08-17,Cologne,Frankfurt,Kuehne+Nagel,648,292.8,338.63,3,4,Delayed
SHP-000996,2025-08-17,Leipzig,Leipzig,UPS,542,76.3,277.88,2,2,On time
SHP-000240,2025-08-17,Munich,Berlin,DHL,379,81.9,212.49,2,3,Delayed
SHP-002359,2025-08-17,Munich,Frankfurt,DB Schenker,308,52.1,190.66,2,3,Delayed
SHP-000085,2025-08-18,Frankfurt,Berlin,Kuehne+Nagel,384,174.4,218.73,2,2,On time
SHP-000880,2025-08-18,Leipzig,Munich,DHL,423,91.2,223.37,2,2,On time
SHP-001753,2025-08-18,Hamburg,Cologne,DB Schenker,932,15.9,414.61,3,5,Delayed
SHP-000245,2025-08-18,Hamburg,Cologne,DB Schenker,252,28.2,102.85,2,2,On time
SHP-001171,2025-08-18,Hamburg,Cologne,Kuehne+Nagel,205,180.1,129.11,1,1,On time
SHP-000599,2025-08-18,Leipzig,Munich,DHL,239,85.7,124.12,1,2,Delayed
SHP-001111,2025-08-19,Munich,Berlin,Kuehne+Nagel,566,62.9,250.99,2,2,On time
SHP-002231,2025-08-19,Hamburg,Cologne,DB Schenker,879,98.2,398.67,3,4,Delayed
SHP-002010,2025-08-19,Berlin,Munich,DHL,920,469.6,469.09,3,4,Delayed
SHP-002158,2025-08-19,Munich,Hamburg,Kuehne+Nagel,579,111.9,291.12,2,2,On time
SHP-001172,2025-08-19,Cologne,Frankfurt,Kuehne+Nagel,162,43.6,97.92,1,1,On time
SHP-000040,2025-08-19,Cologne,Hamburg,UPS,509,67.6,240.79,2,2,On time
SHP-000192,2025-08-19,Frankfurt,Hamburg,DHL,608,62.8,279.98,3,3,On time
SHP-000743,2025-08-20,Frankfurt,Munich,DHL,860,56.4,390.85,3,3,On time
SHP-001196,2025-08-20,Hamburg,Frankfurt,DHL,638,256.9,320.16,3,3,On time
SHP-001370,2025-08-20,Hamburg,Leipzig,DB Schenker,699,42.6,295.34,3,4,Delayed
SHP-000958,2025-08-20,Cologne,Leipzig,DB Schenker,106,162.2,99.91,1,2,Delayed
SHP-000475,2025-08-20,Berlin,Leipzig,DHL,95,42.9,70.96,1,1,On time
SHP-001417,2025-08-20,Cologne,Frankfurt,DB Schenker,138,30.3,52.16,1,1,On time
SHP-000130,2025-08-20,Frankfurt,Munich,DHL,113,98.1,88.94,1,2,Delayed
SHP-002185,2025-08-20,Leipzig,Leipzig,DB Schenker,529,19.7,221.09,2,3,Delayed
SHP-001467,2025-08-20,Leipzig,Leipzig,UPS,763,51.6,374.21,3,3,On time
SHP-000458,2025-08-20,Hamburg,Munich,Kuehne+Nagel,503,49.3,207.12,2,2,On time
SHP-000658,2025-08-20,Frankfurt,Leipzig,DB Schenker,945,162.3,420.45,3,4,Delayed
SHP-000341,2025-08-20,Munich,Leipzig,DB Schenker,461,74.3,240.68,2,4,Delayed
SHP-000782,2025-08-21,Cologne,Leipzig,Kuehne+Nagel,736,70.3,310.67,3,3,On time
SHP-001337,2025-08-21,Hamburg,Hamburg,DB Schenker,250,36.3,121.9,2,2,On time
SHP-001585,2025-08-21,Berlin,Hamburg,UPS,516,29.4,248.92,2,2,On time
SHP-001985,2025-08-21,Frankfurt,Leipzig,DHL,487,70.8,219.57,2,2,On time
SHP-000920,2025-08-21,Frankfurt,Munich,DB Schenker,327,28.2,164.04,2,2,On time
SHP-001128,2025-08-21,Berlin,Berlin,DB Schenker,286,69.8,140.39,2,2,On time
SHP-000099,2025-08-21,Berlin,Frankfurt,DHL,922,71.2,407.03,3,3,On time
SHP-000673,2025-08-21,Leipzig,Frankfurt,Kuehne+Nagel,455,39.7,183.45,2,2,On time
SHP-001235,2025-08-21,Berlin,Munich,UPS,360,45.8,189.98,2,2,On time
SHP-000616,2025-08-22,Berlin,Hamburg,Kuehne+Nagel,513,85.6,225.29,2,3,Delayed
SHP-001068,2025-08-22,Munich,Cologne,Kuehne+Nagel,213,165.1,109.25,1,1,On time
SHP-002437,2025-08-22,Berlin,Berlin,DHL,915,46.0,413.57,3,4,Delayed
SHP-001994,2025-08-22,Hamburg,Munich,DB Schenker,307,35.8,150.89,2,4,Delayed
SHP-000600,2025-08-23,Leipzig,Munich,DB Schenker,317,55.7,159.23,2,2,On time
SHP-000569,2025-08-23,Munich,Cologne,DB Schenker,209,154.5,148.63,1,3,Delayed
SHP-002448,2025-08-24,Cologne,Hamburg,Kuehne+Nagel,532,39.4,221.56,2,2,On time
SHP-002184,2025-08-24,Leipzig,Munich,DHL,140,34.0,115.76,1,1,On time
SHP-000026,2025-08-24,Berlin,Munich,Kuehne+Nagel,361,53.3,182.05,2,3,Delayed
SHP-001717,2025-08-24,Berlin,Berlin,DB Schenker,505,109.9,241.24,2,2,On time
SHP-001715,2025-08-24,Berlin,Hamburg,DB Schenker,676,27.1,284.92,3,3,On time
SHP-002361,2025-08-25,Munich,Munich,Kuehne+Nagel,131,324.6,82.56,1,2,Delayed
SHP-001130,2025-08-25,Munich,Frankfurt,DHL,801,17.8,389.92,3,4,Delayed
SHP-002015,2025-08-25,Munich,Munich,DHL,873,98.1,429.77,3,3,On time
SHP-002072,2025-08-25,Berlin,Berlin,UPS,161,65.4,96.2,1,1,On time
SHP-000934,2025-08-25,Leipzig,Leipzig,DB Schenker,373,59.8,174.18,2,3,Delayed
SHP-000984,2025-08-25,Hamburg,Berlin,Kuehne+Nagel,280,133.5,149.63,2,2,On time
SHP-000502,2025-08-26,Munich,Berlin,UPS,664,101.2,321.67,3,3,On time
SHP-002481,2025-08-26,Berlin,Leipzig,DB Schenker,864,180.7,403.08,3,4,Delayed
SHP-001255,2025-08-26,Berlin,Hamburg,DHL,112,71.0,78.51,1,2,Delayed
SHP-001205,2025-08-26,Frankfurt,Leipzig,Kuehne+Nagel,901,215.3,438.8,3,3,On time
SHP-000771,2025-08-26,Cologne,Munich,Kuehne+Nagel,223,27.4,125.76,1,1,On time
SHP-000244,2025-08-26,Munich,Hamburg,UPS,904,17.6,435.3,3,3,On time
SHP-000824,2025-08-26,Frankfurt,Leipzig,Kuehne+Nagel,636,39.9,304.02,3,3,On time
SHP-001089,2025-08-26,Cologne,Hamburg,DB Schenker,645,104.9,336.62,3,3,On time
SHP-001887,2025-08-26,Cologne,Cologne,DB Schenker,306,231.9,180.5,2,3,Delayed
SHP-001221,2025-08-26,Hamburg,Munich,UPS,635,74.2,311.78,3,4,Delayed
SHP-001438,2025-08-27,Leipzig,Leipzig,Kuehne+Nagel,491,186.2,240.42,2,2,On time
SHP-000003,2025-08-27,Frankfurt,Hamburg,DB Schenker,735,131.2,341.02,3,4,Delayed
SHP-001398,2025-08-27,Hamburg,Leipzig,DB Schenker,95,295.3,74.73,1,1,On time
SHP-002324,2025-08-27,Frankfurt,Berlin,DB Schenker,927,244.9,448.04,3,3,On time
SHP-002258,2025-08-27,Berlin,Frankfurt,DB Schenker,196,90.1,126.77,1,3,Delayed
SHP-001224,2025-08-27,Berlin,Hamburg,UPS,944,81.7,419.81,3,4,Delayed
SHP-002380,2025-08-27,Munich,Leipzig,Kuehne+Nagel,737,45.2,346.34,3,3,On time
SHP-001723,2025-08-27,Berlin,Frankfurt,Kuehne+Nagel,798,68.7,379.23,3,4,Delayed
SHP-000986,2025-08-27,Berlin,Cologne,DHL,103,211.2,123.75,1,2,Delayed
SHP-001812,2025-08-27,Leipzig,Berlin,Kuehne+Nagel,825,170.4,371.79,3,4,Delayed
SHP-000123,2025-08-27,Berlin,Berlin,UPS,170,19.0,89.81,1,1,On time
SHP-000652,2025-08-27,Cologne,Berlin,UPS,275,45.0,166.19,2,2,On time
SHP-002396,2025-08-28,Leipzig,Cologne,DB Schenker,431,34.7,196.23,2,3,Delayed
SHP-001693,2025-08-28,Cologne,Frankfurt,Kuehne+Nagel,724,34.6,316.86,3,4,Delayed
SHP-002086,2025-08-28,Leipzig,Berlin,Kuehne+Nagel,611,91.6,298.84,3,4,Delayed
SHP-000842,2025-08-28,Hamburg,Frankfurt,DHL,346,164.8,227.15,2,2,On time
SHP-001277,2025-08-28,Hamburg,Leipzig,DHL,543,148.6,295.66,2,3,Delayed
SHP-002195,2025-08-28,Frankfurt,Frankfurt,DB Schenker,695,230.4,324.0,3,4,Delayed
SHP-000316,2025-08-29,Leipzig,Cologne,DB Schenker,162,21.9,89.52,1,3,Delayed
SHP-002023,2025-08-29,Hamburg,Munich,UPS,548,454.9,377.22,2,3,Delayed
SHP-002022,2025-08-29,Leipzig,Hamburg,DB Schenker,687,58.2,311.67,3,3,On time
SHP-002050,2025-08-29,Munich,Hamburg,DHL,836,26.3,377.65,3,3,On time
SHP-001597,2025-08-29,Hamburg,Munich,Kuehne+Nagel,546,72.0,288.38,2,3,Delayed
SHP-000730,2025-08-29,Leipzig,Leipzig,DB Schenker,806,19.7,339.56,3,3,On time
SHP-001981,2025-08-29,Hamburg,Berlin,Kuehne+Nagel,486,83.8,244.43,2,2,On time
SHP-000372,2025-08-30,Leipzig,Berlin,DB Schenker,928,132.3,390.16,3,4,Delayed
SHP-000156,2025-08-30,Hamburg,Berlin,DB Schenker,571,212.4,838.9639999999999,2,4,Delayed
SHP-000446,2025-08-30,Cologne,Munich,Kuehne+Nagel,173,101.1,142.57,1,2,Delayed
SHP-002088,2025-08-30,Frankfurt,Leipzig,DHL,347,23.9,181.07,2,3,Delayed
SHP-000255,2025-08-30,Berlin,Berlin,DHL,941,140.2,435.21,3,3,On time
SHP-001959,2025-08-30,Hamburg,Cologne,UPS,181,69.3,117.19,1,1,On time
SHP-000479,2025-08-31,Cologne,Leipzig,DHL,326,44.4,133.74,2,2,On time
SHP-001648,2025-08-31,Munich,Frankfurt,UPS,824,30.3,383.37,3,3,On time
SHP-000162,2025-08-31,Leipzig,Berlin,DB Schenker,754,63.6,341.2,3,3,On time
SHP-000819,2025-08-31,Frankfurt,Hamburg,UPS,302,51.0,129.63,2,2,On time
SHP-000237,2025-08-31,Hamburg,Munich,DHL,579,155.5,242.37,2,2,On time
SHP-000822,2025-08-31,Berlin,Hamburg,DB Schenker,220,71.6,114.4,1,2,Delayed
SHP-002242,2025-08-31,Berlin,Berlin,DB Schenker,482,23.9,222.93,2,2,On time
SHP-000108,2025-08-31,Munich,Berlin,Kuehne+Nagel,303,15.4,172.99,2,2,On time
SHP-001049,2025-09-01,Frankfurt,Leipzig,Kuehne+Nagel,347,217.2,220.81,2,2,On time
SHP-000122,2025-09-01,Cologne,Munich,DHL,421,102.5,216.28,2,3,Delayed
SHP-000311,2025-09-01,Leipzig,Cologne,UPS,526,119.0,269.0,2,2,On time
SHP-002084,2025-09-01,Frankfurt,Hamburg,DB Schenker,696,215.6,344.32,3,4,Delayed
SHP-002102,2025-09-01,Munich,Cologne,DHL,905,187.2,446.31,3,3,On time
SHP-000080,2025-09-02,Munich,Cologne,DHL,574,123.0,261.71,2,3,Delayed
SHP-001613,2025-09-02,Cologne,Munich,DB Schenker,211,114.6,124.04,1,2,Delayed
SHP-000859,2025-09-02,Hamburg,Leipzig,UPS,242,747.2,209.48,1,1,On time
SHP-000736,2025-09-02,Berlin,Leipzig,Kuehne+Nagel,576,24.0,249.94,2,2,On time
SHP-001132,2025-09-02,Berlin,Frankfurt,DB Schenker,554,84.7,242.61,2,3,Delayed
SHP-000283,2025-09-02,Berlin,Frankfurt,DHL,742,293.2,389.36,3,3,On time
SHP-000641,2025-09-02,Hamburg,Cologne,DHL,507,30.8,225.69,2,2,On time
SHP-001813,2025-09-03,Leipzig,Berlin,DB Schenker,382,228.9,233.57,2,3,Delayed
SHP-001306,2025-09-03,Cologne,Munich,DHL,818,45.9,339.28,3,3,On time
SHP-000312,2025-09-03,Munich,Cologne,DHL,328,94.5,186.97,2,2,On time
SHP-002280,2025-09-03,Hamburg,Frankfurt,DB Schenker,142,171.9,98.28,1,2,Delayed
SHP-001427,2025-09-03,Berlin,Berlin,DB Schenker,516,51.0,230.21,2,4,Delayed
SHP-002112,2025-09-04,Cologne,Cologne,Kuehne+Nagel,362,104.2,194.2,2,4,Delayed
SHP-001071,2025-09-04,Cologne,Leipzig,DB Schenker,775,103.0,358.35,3,3,On time
SHP-001274,2025-09-04,Berlin,Hamburg,UPS,190,91.0,120.88,1,1,On time
SHP-002438,2025-09-04,Leipzig,Cologne,Kuehne+Nagel,594,59.8,297.02,2,2,On time
SHP-001329,2025-09-04,Berlin,Cologne,Kuehne+Nagel,673,167.0,301.19,3,3,On time
SHP-001424,2025-09-04,Hamburg,Munich,Kuehne+Nagel,443,112.4,208.58,2,2,On time
SHP-002034,2025-09-05,Leipzig,Hamburg,DHL,733,98.7,346.82,3,4,Delayed
SHP-000257,2025-09-05,Leipzig,Munich,DHL,849,137.9,412.73,3,3,On time
SHP-001298,2025-09-05,Berlin,Leipzig,DHL,136,118.4,71.85,1,1,On time
SHP-001327,2025-09-05,Cologne,Hamburg,DHL,373,101.0,204.98,2,3,Delayed
SHP-000711,2025-09-05,Berlin,Frankfurt,UPS,915,546.7,456.04,3,3,On time
SHP-001668,2025-09-05,Berlin,Munich,UPS,237,111.1,82.74,1,2,Delayed
SHP-000416,2025-09-05,Cologne,Leipzig,DB Schenker,460,118.5,239.61,2,3,Delayed
SHP-000049,2025-09-05,Frankfurt,Hamburg,DHL,489,167.0,262.42,2,2,On time
SHP-001973,2025-09-06,Frankfurt,Leipzig,UPS,504,97.1,272.84,2,2,On time
SHP-000827,2025-09-06,Leipzig,Cologne,UPS,219,64.5,113.23,1,1,On time
SHP-002468,2025-09-06,Frankfurt,Hamburg,DHL,374,32.6,186.48,2,3,Delayed
SHP-001703,2025-09-06,Frankfurt,Munich,UPS,379,67.5,208.27,2,2,On time
SHP-000550,2025-09-06,Berlin,Berlin,DHL,696,41.5,303.75,3,3,On time
SHP-002285,2025-09-06,Leipzig,Berlin,DHL,814,65.6,390.07,3,3,On time
SHP-002267,2025-09-07,Berlin,Cologne,DHL,576,169.4,315.48,2,2,On time
SHP-000098,2025-09-07,Munich,Berlin,UPS,709,133.0,328.46,3,3,On time
SHP-000060,2025-09-07,Hamburg,Munich,Kuehne+Nagel,592,146.9,303.66,2,2,On time
SHP-001510,2025-09-07,Munich,Hamburg,UPS,180,16.4,78.04,1,2,Delayed
SHP-001696,2025-09-07,Hamburg,Hamburg,DB Schenker,510,982.9,379.96,2,3,Delayed
SHP-001780,2025-09-07,Hamburg,Berlin,Kuehne+Nagel,814,100.9,392.42,3,3,On time
SHP-000191,2025-09-07,Berlin,Hamburg,Kuehne+Nagel,714,57.6,341.78,3,3,On time
SHP-000813,2025-09-07,Frankfurt,Berlin,UPS,889,38.2,410.97,3,3,On time
SHP-002136,2025-09-08,Cologne,Hamburg,DB Schenker,744,134.4,332.3,3,3,On time
SHP-000636,2025-09-08,Frankfurt,Leipzig,DHL,93,32.1,58.01,1,1,On time
SHP-000788,2025-09-08,Munich,Munich,Kuehne+Nagel,254,141.5,134.29,2,2,On time
SHP-001547,2025-09-08,Cologne,Cologne,DB Schenker,473,58.6,231.13,2,3,Delayed
SHP-000615,2025-09-08,Cologne,Cologne,DHL,397,178.4,199.41,2,3,Delayed
SHP-000075,2025-09-08,Leipzig,Berlin,Kuehne+Nagel,752,62.7,348.06,3,4,Delayed
SHP-001062,2025-09-08,Munich,Leipzig,DB Schenker,227,103.1,129.76,1,2,Delayed
SHP-002256,2025-09-08,Hamburg,Frankfurt,DHL,603,51.0,292.39,3,4,Delayed
SHP-000587,2025-09-09,Cologne,Munich,DB Schenker,238,29.3,152.17,1,1,On time
SHP-001149,2025-09-09,Frankfurt,Cologne,DHL,948,55.6,434.28,3,3,On time
SHP-001183,2025-09-10,Hamburg,Frankfurt,DHL,267,185.0,127.58,2,2,On time
SHP-001614,2025-09-10,Munich,Hamburg,DHL,930,68.5,413.66,3,3,On time
SHP-000941,2025-09-10,Munich,Cologne,DHL,904,72.4,429.84,3,4,Delayed
SHP-000422,2025-09-11,Berlin,Hamburg,Kuehne+Nagel,750,232.1,395.84,3,4,Delayed
SHP-000666,2025-09-11,Berlin,Berlin,DHL,429,183.4,224.28,2,2,On time
SHP-000184,2025-09-12,Munich,Munich,DB Schenker,785,71.4,362.11,3,5,Delayed
SHP-000175,2025-09-12,Frankfurt,Leipzig,DHL,890,44.1,406.51,3,4,Delayed
SHP-000875,2025-09-12,Munich,Cologne,DB Schenker,664,22.1,309.96,3,3,On time
SHP-002075,2025-09-12,Leipzig,Frankfurt,Kuehne+Nagel,698,33.4,328.92,3,3,On time
SHP-000866,2025-09-12,Cologne,Leipzig,DB Schenker,731,119.8,320.73,3,4,Delayed
SHP-001472,2025-09-12,Munich,Cologne,UPS,886,45.2,429.62,3,3,On time
SHP-000008,2025-09-12,Leipzig,Hamburg,DB Schenker,619,39.6,285.34,3,4,Delayed
SHP-002181,2025-09-13,Hamburg,Cologne,Kuehne+Nagel,362,49.2,147.02,2,3,Delayed
SHP-000204,2025-09-13,Hamburg,Frankfurt,DHL,808,443.4,459.96,3,5,Delayed
SHP-001348,2025-09-13,Leipzig,Berlin,Kuehne+Nagel,392,126.7,188.83,2,2,On time
SHP-000932,2025-09-13,Berlin,Leipzig,Kuehne+Nagel,750,59.8,342.58,3,4,Delayed
SHP-001733,2025-09-13,Munich,Frankfurt,Kuehne+Nagel,606,15.3,249.71,3,4,Delayed
SHP-000086,2025-09-13,Leipzig,Frankfurt,UPS,562,110.7,292.75,2,2,On time
SHP-002141,2025-09-13,Hamburg,Cologne,Kuehne+Nagel,813,107.7,343.01,3,4,Delayed
SHP-002375,2025-09-13,Frankfurt,Leipzig,DB Schenker,245,51.8,162.27,1,1,On time
SHP-000043,2025-09-13,Cologne,Frankfurt,Kuehne+Nagel,912,207.1,411.93,3,3,On time
SHP-001303,2025-09-13,Munich,Hamburg,DHL,780,42.7,360.41,3,4,Delayed
SHP-002211,2025-09-13,Berlin,Cologne,Kuehne+Nagel,327,38.4,197.43,2,3,Delayed
SHP-000982,2025-09-14,Frankfurt,Munich,DB Schenker,293,109.3,167.09,2,4,Delayed
SHP-001595,2025-09-14,Munich,Leipzig,UPS,915,79.0,400.5,3,3,On time
SHP-002120,2025-09-14,Berlin,Munich,DHL,861,80.5,354.73,3,3,On time
SHP-000223,2025-09-14,Berlin,Hamburg,DHL,178,72.6,130.14,1,2,Delayed
SHP-001194,2025-09-14,Frankfurt,Berlin,DHL,363,26.9,181.03,2,2,On time
SHP-000110,2025-09-15,Cologne,Munich,DB Schenker,799,55.4,335.47,3,3,On time
SHP-001041,2025-09-15,Frankfurt,Hamburg,DHL,719,127.7,369.56,3,3,On time
SHP-001064,2025-09-15,Cologne,Hamburg,Kuehne+Nagel,773,33.9,370.88,3,3,On time
SHP-002155,2025-09-15,Berlin,Frankfurt,DB Schenker,186,128.6,107.95,1,2,Delayed
SHP-001539,2025-09-15,Berlin,Hamburg,UPS,346,40.3,177.87,2,3,Delayed
SHP-000906,2025-09-16,Munich,Hamburg,Kuehne+Nagel,386,101.0,207.7,2,3,Delayed
SHP-001045,2025-09-16,Leipzig,Munich,UPS,112,29.7,27.77,1,2,Delayed
SHP-000541,2025-09-16,Frankfurt,Cologne,Kuehne+Nagel,423,86.3,206.23,2,2,On time
SHP-001600,2025-09-16,Cologne,Berlin,UPS,372,65.9,162.68,2,3,Delayed
SHP-002245,2025-09-17,Berlin,Munich,UPS,685,169.1,345.29,3,3,On time
SHP-001522,2025-09-17,Berlin,Hamburg,DHL,121,33.7,88.52,1,2,Delayed
SHP-001894,2025-09-17,Cologne,Leipzig,Kuehne+Nagel,138,61.1,97.75,1,1,On time
SHP-001317,2025-09-17,Leipzig,Cologne,UPS,473,92.5,254.48,2,2,On time
SHP-002408,2025-09-17,Hamburg,Frankfurt,DB Schenker,767,19.7,363.69,3,4,Delayed
SHP-000892,2025-09-17,Leipzig,Leipzig,DB Schenker,535,106.3,237.73,2,2,On time
SHP-001077,2025-09-17,Leipzig,Cologne,DB Schenker,641,58.3,259.76,3,4,Delayed
SHP-002295,2025-09-18,Cologne,Cologne,UPS,424,60.2,190.87,2,3,Delayed
SHP-001276,2025-09-18,Munich,Hamburg,Kuehne+Nagel,244,124.3,130.06,1,2,Delayed
SHP-002055,2025-09-18,Berlin,Hamburg,DHL,696,24.1,314.59,3,3,On time
SHP-001197,2025-09-18,Berlin,Hamburg,UPS,348,68.9,191.29,2,2,On time
SHP-002353,2025-09-18,Cologne,Hamburg,DHL,172,52.7,127.95,1,2,Delayed
SHP-000774,2025-09-19,Berlin,Leipzig,DHL,430,156.2,239.75,2,2,On time
SHP-000177,2025-09-19,Hamburg,Frankfurt,DB Schenker,917,233.5,470.86,3,3,On time
SHP-000212,2025-09-19,Leipzig,Cologne,UPS,100,36.1,60.79,1,1,On time
SHP-000015,2025-09-19,Hamburg,Cologne,Kuehne+Nagel,169,28.7,107.38,1,3,Delayed
SHP-000430,2025-09-19,Hamburg,Leipzig,DB Schenker,648,13.7,302.46,3,4,Delayed
SHP-001675,2025-09-19,Berlin,Berlin,UPS,428,45.4,207.9,2,3,Delayed
SHP-001332,2025-09-19,Hamburg,Munich,Kuehne+Nagel,256,104.1,118.34,2,2,On time
SHP-002131,2025-09-20,Munich,Cologne,DB Schenker,208,37.6,108.09,1,2,Delayed
SHP-000395,2025-09-20,Frankfurt,Hamburg,UPS,306,65.0,206.02,2,3,Delayed
SHP-002064,2025-09-20,Hamburg,Hamburg,Kuehne+Nagel,243,116.1,134.14,1,1,On time
SHP-001750,2025-09-20,Munich,Leipzig,Kuehne+Nagel,409,39.2,161.95,2,2,On time
SHP-000236,2025-09-20,Leipzig,Leipzig,DHL,201,62.4,109.65,1,2,Delayed
SHP-002019,2025-09-20,Frankfurt,Hamburg,Kuehne+Nagel,698,154.4,354.84,3,4,Delayed
SHP-001903,2025-09-20,Berlin,Frankfurt,Kuehne+Nagel,427,100.0,198.66,2,3,Delayed
SHP-000697,2025-09-21,Munich,Frankfurt,DB Schenker,276,62.1,141.09,2,3,Delayed
SHP-001641,2025-09-21,Munich,Hamburg,DB Schenker,711,39.9,316.58,3,3,On time
SHP-001208,2025-09-21,Leipzig,Hamburg,Kuehne+Nagel,737,126.4,342.84,3,3,On time
SHP-001119,2025-09-21,Cologne,Munich,DB Schenker,458,207.7,285.64,2,3,Delayed
SHP-000793,2025-09-21,Cologne,Berlin,UPS,287,145.7,173.62,2,2,On time
SHP-000174,2025-09-21,Leipzig,Cologne,DHL,243,255.5,155.11,1,1,On time
SHP-000727,2025-09-21,Cologne,Munich,DHL,583,153.3,271.56,2,2,On time
SHP-000225,2025-09-21,Leipzig,Munich,UPS,767,123.8,330.24,3,3,On time
SHP-000461,2025-09-22,Hamburg,Frankfurt,Kuehne+Nagel,881,173.6,368.07,3,4,Delayed
SHP-001598,2025-09-22,Hamburg,Hamburg,DB Schenker,207,25.0,106.39,1,3,Delayed
SHP-000681,2025-09-22,Frankfurt,Leipzig,DHL,274,71.4,148.1,2,2,On time
SHP-001137,2025-09-22,Hamburg,Frankfurt,DB Schenker,550,78.2,247.05,2,3,Delayed
SHP-002067,2025-09-22,Munich,Berlin,Kuehne+Nagel,692,191.4,347.17,3,3,On time
SHP-001670,2025-09-22,Frankfurt,Cologne,DHL,667,46.7,299.46,3,4,Delayed
SHP-000676,2025-09-22,Hamburg,Leipzig,Kuehne+Nagel,564,84.7,267.64,2,3,Delayed
SHP-002018,2025-09-23,Leipzig,Cologne,Kuehne+Nagel,131,46.4,58.99,1,1,On time
SHP-000318,2025-09-23,Cologne,Berlin,DB Schenker,834,143.6,385.95,3,4,Delayed
SHP-000713,2025-09-23,Cologne,Frankfurt,DHL,377,24.7,171.04,2,3,Delayed
SHP-002268,2025-09-23,Leipzig,Hamburg,Kuehne+Nagel,87,38.0,68.39,1,2,Delayed
SHP-001785,2025-09-23,Leipzig,Hamburg,DB Schenker,185,176.2,114.76,1,1,On time
SHP-001879,2025-09-23,Munich,Leipzig,Kuehne+Nagel,224,36.6,110.54,1,2,Delayed
SHP-001033,2025-09-24,Leipzig,Frankfurt,UPS,133,173.0,110.63,1,1,On time
SHP-000760,2025-09-24,Leipzig,Cologne,UPS,436,57.0,223.59,2,2,On time
SHP-001724,2025-09-24,Frankfurt,Munich,UPS,543,107.5,265.78,2,2,On time
SHP-000317,2025-09-24,Frankfurt,Cologne,UPS,666,49.4,296.93,3,3,On time
SHP-000731,2025-09-24,Munich,Cologne,UPS,811,140.8,384.1,3,3,On time
SHP-000737,2025-09-24,Leipzig,Hamburg,DB Schenker,396,43.2,191.36,2,3,Delayed
SHP-001218,2025-09-25,Munich,Berlin,UPS,297,93.3,132.04,2,2,On time
SHP-001009,2025-09-25,Berlin,Frankfurt,UPS,130,220.6,113.44,1,1,On time
SHP-001573,2025-09-25,Leipzig,Munich,UPS,805,57.9,371.34,3,3,On time
SHP-001714,2025-09-25,Leipzig,Leipzig,DB Schenker,700,103.8,348.12,3,4,Delayed
SHP-001232,2025-09-25,Frankfurt,Leipzig,DHL,828,116.5,353.43,3,3,On time
SHP-002087,2025-09-25,Munich,Hamburg,Kuehne+Nagel,266,283.1,177.11,2,3,Delayed
SHP-000013,2025-09-26,Berlin,Berlin,UPS,917,18.5,420.79,3,3,On time
SHP-001591,2025-09-26,Berlin,Berlin,DB Schenker,721,383.4,400.83,3,4,Delayed
SHP-000631,2025-09-26,Berlin,Cologne,UPS,392,73.2,205.4,2,3,Delayed
SHP-001860,2025-09-26,Hamburg,Frankfurt,Kuehne+Nagel,923,73.7,422.75,3,4,Delayed
SHP-002057,2025-09-26,Hamburg,Cologne,Kuehne+Nagel,215,27.6,104.58,1,1,On time
SHP-001349,2025-09-26,Frankfurt,Hamburg,DHL,724,24.3,294.23,3,3,On time
SHP-000886,2025-09-26,Frankfurt,Hamburg,Kuehne+Nagel,294,71.8,148.49,2,2,On time
SHP-001002,2025-09-26,Frankfurt,Berlin,DHL,637,153.5,324.15,3,3,On time
SHP-002400,2025-09-26,Frankfurt,Munich,DHL,589,141.3,295.51,2,2,On time
SHP-000557,2025-09-26,Berlin,Leipzig,DB Schenker,777,322.0,389.13,3,3,On time
SHP-000662,2025-09-26,Leipzig,Frankfurt,DB Schenker,854,81.4,374.54,3,4,Delayed
SHP-000377,2025-09-26,Leipzig,Hamburg,Kuehne+Nagel,657,122.4,273.17,3,4,Delayed
SHP-000215,2025-09-26,Cologne,Berlin,Kuehne+Nagel,520,34.6,221.49,2,4,Delayed
SHP-001449,2025-09-27,Munich,Berlin,DHL,923,118.0,431.6,3,3,On time
SHP-001282,2025-09-27,Hamburg,Hamburg,UPS,278,118.4,142.45,2,2,On time
SHP-002058,2025-09-27,Frankfurt,Leipzig,DB Schenker,828,134.0,420.31,3,4,Delayed
SHP-000432,2025-09-27,Hamburg,Frankfurt,UPS,665,49.3,284.42,3,3,On time
SHP-000603,2025-09-27,Cologne,Cologne,DHL,92,143.6,101.25,1,1,On time
SHP-001602,2025-09-27,Frankfurt,Leipzig,Kuehne+Nagel,939,48.2,417.1,3,5,Delayed
SHP-000739,2025-09-27,Berlin,Hamburg,Kuehne+Nagel,848,123.7,382.95,3,3,On time
SHP-000757,2025-09-27,Hamburg,Berlin,DB Schenker,230,58.6,148.03,1,2,Delayed
SHP-000471,2025-09-27,Cologne,Frankfurt,UPS,611,240.3,308.19,3,4,Delayed
SHP-002344,2025-09-27,Munich,Leipzig,UPS,252,113.8,130.51,2,2,On time
SHP-000805,2025-09-27,Berlin,Leipzig,Kuehne+Nagel,183,174.5,104.75,1,1,On time
SHP-001861,2025-09-28,Cologne,Munich,UPS,86,89.5,77.82,1,1,On time
SHP-001966,2025-09-28,Cologne,Cologne,Kuehne+Nagel,161,66.6,119.25,1,1,On time
SHP-001394,2025-09-28,Hamburg,Leipzig,UPS,255,64.9,150.41,2,2,On time
SHP-001281,2025-09-28,Cologne,Leipzig,DB Schenker,129,87.5,91.28,1,2,Delayed
SHP-002115,2025-09-28,Frankfurt,Cologne,UPS,567,119.5,267.43,2,2,On time
SHP-001722,2025-09-28,Leipzig,Munich,UPS,531,34.2,241.9,2,2,On time
SHP-001139,2025-09-29,Berlin,Hamburg,Kuehne+Nagel,151,92.9,104.29,1,2,Delayed
SHP-000059,2025-09-29,Frankfurt,Hamburg,DHL,107,183.7,92.98,1,1,On time
SHP-001845,2025-09-29,Munich,Munich,UPS,405,52.9,187.34,2,2,On time
SHP-000878,2025-09-29,Cologne,Hamburg,DB Schenker,586,132.2,291.94,2,3,Delayed
SHP-001742,2025-09-29,Frankfurt,Cologne,DB Schenker,318,55.9,129.52,2,3,Delayed
SHP-001036,2025-09-29,Munich,Berlin,Kuehne+Nagel,144,143.6,78.28,1,3,Delayed
SHP-000062,2025-09-29,Leipzig,Berlin,Kuehne+Nagel,392,96.5,225.22,2,2,On time
SHP-002172,2025-09-29,Frankfurt,Munich,DB Schenker,680,34.7,334.91,3,4,Delayed
SHP-001513,2025-09-29,Frankfurt,Munich,DHL,679,46.0,324.94,3,3,On time
SHP-001899,2025-09-30,Munich,Munich,UPS,140,48.4,99.24,1,1,On time
SHP-000378,2025-09-30,Berlin,Cologne,UPS,894,34.0,380.98,3,3,On time
SHP-000391,2025-09-30,Hamburg,Munich,DB Schenker,209,111.7,103.53,1,2,Delayed
SHP-002403,2025-09-30,Munich,Hamburg,DB Schenker,620,42.4,274.79,3,3,On time
SHP-002325,2025-09-30,Cologne,Cologne,DB Schenker,514,85.6,216.13,2,4,Delayed
SHP-002125,2025-09-30,Frankfurt,Leipzig,DHL,421,68.2,188.12,2,2,On time
SHP-000512,2025-09-30,Leipzig,Munich,UPS,520,80.3,237.6,2,2,On time
SHP-002043,2025-09-30,Berlin,Leipzig,UPS,886,101.6,401.67,3,3,On time
SHP-000463,2025-10-01,Leipzig,Hamburg,DB Schenker,926,30.0,430.8,3,4,Delayed
SHP-002294,2025-10-01,Cologne,Hamburg,Kuehne+Nagel,304,71.1,169.81,2,2,On time
SHP-000360,2025-10-01,Frankfurt,Munich,Kuehne+Nagel,468,80.0,233.17,2,2,On time
SHP-001234,2025-10-01,Cologne,Cologne,Kuehne+Nagel,891,78.2,392.21,3,4,Delayed
SHP-002352,2025-10-01,Leipzig,Frankfurt,DHL,711,139.0,314.31,3,3,On time
SHP-002044,2025-10-01,Leipzig,Munich,DB Schenker,612,58.0,299.28,3,3,On time
SHP-000895,2025-10-01,Cologne,Frankfurt,DB Schenker,373,56.8,200.55,2,3,Delayed
SHP-002049,2025-10-02,Hamburg,Leipzig,DHL,536,93.9,263.58,2,4,Delayed
SHP-002362,2025-10-02,Berlin,Cologne,UPS,800,46.8,380.03,3,4,Delayed
SHP-002348,2025-10-02,Berlin,Hamburg,Kuehne+Nagel,164,68.6,99.64,1,1,On time
SHP-001378,2025-10-02,Hamburg,Munich,Kuehne+Nagel,293,62.9,164.16,2,2,On time
SHP-001984,2025-10-02,Frankfurt,Hamburg,UPS,132,24.0,65.11,1,1,On time
SHP-001667,2025-10-02,Cologne,Leipzig,DHL,482,45.5,214.42,2,4,Delayed
SHP-000493,2025-10-02,Munich,Hamburg,DB Schenker,247,54.5,133.32,1,2,Delayed
SHP-002099,2025-10-02,Berlin,Hamburg,DB Schenker,911,112.6,417.43,3,4,Delayed
SHP-001065,2025-10-02,Frankfurt,Hamburg,Kuehne+Nagel,759,108.1,344.1,3,3,On time
SHP-001995,2025-10-03,Berlin,Berlin,UPS,347,94.6,194.44,2,2,On time
SHP-001790,2025-10-03,Berlin,Leipzig,DHL,348,115.5,154.37,2,2,On time
SHP-002429,2025-10-03,Frankfurt,Munich,Kuehne+Nagel,238,33.8,123.41,1,1,On time
SHP-001098,2025-10-03,Munich,Frankfurt,DHL,562,99.8,257.38,2,3,Delayed
SHP-000042,2025-10-04,Cologne,Cologne,DB Schenker,924,139.2,428.89,3,4,Delayed
SHP-000234,2025-10-04,Hamburg,Frankfurt,Kuehne+Nagel,266,103.6,169.61,2,3,Delayed
SHP-002422,2025-10-04,Munich,Leipzig,Kuehne+Nagel,839,57.4,393.64,3,4,Delayed
SHP-001073,2025-10-04,Berlin,Berlin,DB Schenker,679,74.4,335.69,3,3,On time
SHP-000247,2025-10-04,Cologne,Berlin,Kuehne+Nagel,275,70.3,161.71,2,4,Delayed
SHP-001674,2025-10-04,Frankfurt,Leipzig,UPS,389,42.5,211.53,2,2,On time
SHP-001301,2025-10-05,Cologne,Munich,DHL,883,21.1,379.68,3,4,Delayed
SHP-000014,2025-10-05,Hamburg,Munich,Kuehne+Nagel,736,17.5,310.09,3,3,On time
SHP-001204,2025-10-05,Munich,Cologne,Kuehne+Nagel,868,76.6,404.9,3,3,On time
SHP-002365,2025-10-05,Hamburg,Munich,DHL,844,77.5,403.57,3,3,On time
SHP-000051,2025-10-05,Berlin,Leipzig,UPS,649,67.3,306.63,3,3,On time
SHP-001868,2025-10-05,Cologne,Hamburg,DB Schenker,203,88.6,107.69,1,1,On time
SHP-001275,2025-10-06,Berlin,Hamburg,Kuehne+Nagel,454,76.3,192.75,2,3,Delayed
SHP-002281,2025-10-06,Hamburg,Cologne,DHL,818,57.9,368.97,3,4,Delayed
SHP-000207,2025-10-06,Munich,Munich,Kuehne+Nagel,694,193.4,317.86,3,3,On time
SHP-001671,2025-10-06,Leipzig,Berlin,Kuehne+Nagel,404,171.6,199.54,2,4,Delayed
SHP-002176,2025-10-06,Frankfurt,Munich,DB Schenker,401,71.4,190.64,2,2,On time
SHP-000742,2025-10-06,Berlin,Cologne,DHL,260,42.8,127.16,2,2,On time
SHP-001134,2025-10-06,Frankfurt,Cologne,DHL,741,27.0,299.68,3,3,On time
SHP-000714,2025-10-06,Leipzig,Hamburg,DHL,919,43.7,450.03,3,3,On time
SHP-000423,2025-10-07,Munich,Berlin,Kuehne+Nagel,187,77.4,130.11,1,1,On time
SHP-000489,2025-10-07,Frankfurt,Frankfurt,UPS,865,41.8,387.13,3,4,Delayed
SHP-000657,2025-10-07,Berlin,Berlin,Kuehne+Nagel,750,132.4,353.12,3,5,Delayed
SHP-001822,2025-10-07,Berlin,Berlin,DB Schenker,469,95.3,248.6,2,3,Delayed
SHP-002174,2025-10-07,Frankfurt,Cologne,DB Schenker,835,114.8,405.47,3,3,On time
SHP-000128,2025-10-07,Berlin,Hamburg,DB Schenker,84,84.5,56.78,1,1,On time
SHP-002107,2025-10-07,Munich,Berlin,DHL,288,44.0,154.25,2,4,Delayed
SHP-000320,2025-10-08,Frankfurt,Hamburg,DHL,695,43.8,932.148,3,3,On time
SHP-000089,2025-10-08,Hamburg,Hamburg,DB Schenker,924,64.6,391.86,3,4,Delayed
SHP-002121,2025-10-08,Hamburg,Berlin,UPS,617,7.4,222.17,3,4,Delayed
SHP-001148,2025-10-08,Frankfurt,Cologne,DB Schenker,603,103.1,324.16,3,5,Delayed
SHP-001775,2025-10-08,Hamburg,Leipzig,Kuehne+Nagel,108,248.9,91.05,1,1,On time
SHP-000173,2025-10-09,Berlin,Hamburg,Kuehne+Nagel,820,41.3,320.23,3,5,Delayed
SHP-000911,2025-10-09,Hamburg,Hamburg,DHL,141,46.2,77.96,1,1,On time
SHP-000645,2025-10-09,Cologne,Berlin,DB Schenker,744,186.5,337.63,3,3,On time
SHP-000864,2025-10-09,Leipzig,Leipzig,DHL,793,52.8,347.41,3,3,On time
SHP-001691,2025-10-09,Hamburg,Frankfurt,Kuehne+Nagel,453,207.9,264.19,2,3,Delayed
SHP-001870,2025-10-09,Hamburg,Munich,DHL,538,70.8,260.27,2,2,On time
SHP-001058,2025-10-09,Leipzig,Berlin,Kuehne+Nagel,381,30.2,194.61,2,3,Delayed
SHP-000370,2025-10-09,Leipzig,Frankfurt,DHL,259,49.3,142.97,2,3,Delayed
SHP-001061,2025-10-09,Munich,Cologne,DHL,139,64.3,56.08,1,2,Delayed
SHP-000734,2025-10-10,Leipzig,Hamburg,DB Schenker,83,98.0,60.07,1,3,Delayed
SHP-002212,2025-10-10,Berlin,Cologne,DB Schenker,772,77.7,354.48,3,4,Delayed
SHP-001825,2025-10-10,Cologne,Leipzig,DHL,924,28.4,398.54,3,3,On time
SHP-001278,2025-10-10,Frankfurt,Cologne,DB Schenker,819,146.0,366.52,3,4,Delayed
SHP-002320,2025-10-10,Leipzig,Hamburg,DB Schenker,890,97.1,414.53,3,3,On time
SHP-001339,2025-10-10,Munich,Hamburg,UPS,914,289.6,440.09,3,4,Delayed
SHP-001558,2025-10-10,Leipzig,Berlin,UPS,541,395.1,309.14,2,2,On time
SHP-002447,2025-10-10,Leipzig,Leipzig,Kuehne+Nagel,401,32.2,205.31,2,3,Delayed
SHP-000002,2025-10-10,Hamburg,Frankfurt,DB Schenker,166,52.3,87.07,1,2,Delayed
SHP-000815,2025-10-11,Frankfurt,Munich,UPS,430,79.9,247.71,2,2,On time
SHP-001242,2025-10-11,Berlin,Frankfurt,DHL,343,101.6,168.16,2,3,Delayed
SHP-001611,2025-10-11,Frankfurt,Cologne,Kuehne+Nagel,82,141.1,75.15,1,1,On time
SHP-000836,2025-10-11,Berlin,Leipzig,UPS,278,131.2,140.24,2,4,Delayed
SHP-001914,2025-10-11,Frankfurt,Hamburg,UPS,704,319.3,373.02,3,3,On time
SHP-001469,2025-10-11,Cologne,Hamburg,UPS,593,13.8,271.7,2,3,Delayed
SHP-000402,2025-10-11,Munich,Munich,UPS,776,46.3,344.65,3,3,On time
SHP-000112,2025-10-12,Frankfurt,Hamburg,DB Schenker,886,138.3,419.22,3,4,Delayed
SHP-002449,2025-10-12,Frankfurt,Munich,UPS,310,38.8,162.15,2,2,On time
SHP-000598,2025-10-12,Cologne,Cologne,UPS,353,50.9,115.67,2,3,Delayed
SHP-000602,2025-10-12,Leipzig,Frankfurt,UPS,193,109.1,132.06,1,1,On time
SHP-001313,2025-10-12,Berlin,Leipzig,Kuehne+Nagel,667,99.3,324.28,3,4,Delayed
SHP-000210,2025-10-12,Frankfurt,Hamburg,Kuehne+Nagel,840,47.5,391.86,3,3,On time
SHP-000050,2025-10-12,Leipzig,Cologne,UPS,191,386.8,153.48,1,1,On time
SHP-001731,2025-10-12,Munich,Munich,UPS,143,100.2,85.45,1,3,Delayed
SHP-000107,2025-10-12,Cologne,Cologne,Kuehne+Nagel,543,53.2,280.13,2,3,Delayed
SHP-001441,2025-10-12,Munich,Munich,UPS,553,35.3,252.47,2,2,On time
SHP-001498,2025-10-12,Cologne,Cologne,UPS,815,124.9,373.42,3,3,On time
SHP-002096,2025-10-12,Berlin,Leipzig,DB Schenker,117,90.4,43.16,1,2,Delayed
SHP-000766,2025-10-12,Berlin,Leipzig,DB Schenker,638,70.4,285.04,3,4,Delayed
SHP-000690,2025-10-13,Hamburg,Frankfurt,UPS,805,31.7,359.12,3,4,Delayed
SHP-000278,2025-10-13,Hamburg,Cologne,DHL,865,84.3,426.44,3,5,Delayed
SHP-001212,2025-10-13,Leipzig,Cologne,DB Schenker,948,310.0,450.55,3,3,On time
SHP-001726,2025-10-13,Frankfurt,Hamburg,DHL,234,116.2,122.13,1,2,Delayed
SHP-000025,2025-10-13,Cologne,Leipzig,UPS,134,52.2,86.69,1,2,Delayed
SHP-000806,2025-10-13,Munich,Munich,DHL,301,71.3,152.3,2,3,Delayed
SHP-001416,2025-10-14,Hamburg,Berlin,DHL,147,125.9,94.63,1,1,On time
SHP-000016,2025-10-14,Leipzig,Berlin,UPS,793,27.5,345.16,3,3,On time
SHP-000918,2025-10-14,Munich,Cologne,UPS,841,36.7,380.66,3,3,On time
SHP-000613,2025-10-14,Hamburg,Hamburg,Kuehne+Nagel,131,44.5,63.58,1,3,Delayed
SHP-000160,2025-10-14,Frankfurt,Munich,UPS,219,37.6,108.03,1,2,Delayed
SHP-000476,2025-10-14,Berlin,Cologne,DHL,488,87.2,226.53,2,3,Delayed
SHP-000725,2025-10-14,Hamburg,Frankfurt,DHL,609,163.7,265.12,3,3,On time
SHP-000955,2025-10-14,Berlin,Leipzig,DHL,791,99.4,361.48,3,4,Delayed
SHP-000213,2025-10-15,Munich,Cologne,UPS,897,64.4,403.24,3,3,On time
SHP-002009,2025-10-15,Frankfurt,Frankfurt,DHL,311,114.7,172.2,2,2,On time
SHP-000249,2025-10-15,Munich,Cologne,DHL,440,210.5,215.21,2,3,Delayed
SHP-001430,2025-10-15,Hamburg,Leipzig,UPS,723,99.6,360.14,3,3,On time
SHP-000106,2025-10-15,Munich,Leipzig,Kuehne+Nagel,737,68.0,327.89,3,4,Delayed
SHP-002284,2025-10-15,Hamburg,Hamburg,DHL,737,57.7,336.93,3,3,On time
SHP-000990,2025-10-15,Berlin,Frankfurt,DB Schenker,697,109.4,327.48,3,3,On time
SHP-001461,2025-10-16,Hamburg,Hamburg,Kuehne+Nagel,903,22.3,403.28,3,4,Delayed
SHP-002236,2025-10-16,Munich,Hamburg,DHL,444,79.5,190.52,2,3,Delayed
SHP-001133,2025-10-17,Frankfurt,Munich,DHL,112,112.0,86.81,1,1,On time
SHP-001986,2025-10-17,Cologne,Cologne,UPS,400,21.3,194.81,2,2,On time
SHP-000559,2025-10-17,Hamburg,Berlin,Kuehne+Nagel,418,60.4,219.84,2,2,On time
SHP-001980,2025-10-17,Munich,Berlin,DHL,547,127.2,236.26,2,3,Delayed
SHP-001617,2025-10-17,Cologne,Hamburg,DHL,96,45.2,42.87,1,1,On time
SHP-000639,2025-10-17,Leipzig,Frankfurt,Kuehne+Nagel,487,51.8,289.03,2,2,On time
SHP-001254,2025-10-17,Frankfurt,Frankfurt,UPS,314,29.4,166.05,2,2,On time
SHP-001414,2025-10-17,Munich,Frankfurt,Kuehne+Nagel,558,99.1,290.69,2,3,Delayed
SHP-000261,2025-10-17,Berlin,Hamburg,DB Schenker,196,99.5,142.57,1,2,Delayed
SHP-000135,2025-10-18,Hamburg,Cologne,DB Schenker,152,35.0,48.94,1,1,On time
SHP-001684,2025-10-18,Leipzig,Berlin,DB Schenker,821,35.4,371.64,3,4,Delayed
SHP-000071,2025-10-18,Berlin,Hamburg,Kuehne+Nagel,777,74.3,368.75,3,3,On time
SHP-000105,2025-10-18,Frankfurt,Frankfurt,DB Schenker,739,20.9,353.97,3,4,Delayed
SHP-000692,2025-10-18,Frankfurt,Munich,DB Schenker,672,163.9,333.4,3,3,On time
SHP-002257,2025-10-18,Cologne,Leipzig,DHL,579,18.9,212.4,2,2,On time
SHP-000745,2025-10-18,Berlin,Munich,UPS,714,25.4,314.08,3,3,On time
SHP-000484,2025-10-18,Hamburg,Leipzig,DHL,795,58.3,351.34,3,3,On time
SHP-002005,2025-10-19,Berlin,Berlin,Kuehne+Nagel,94,41.4,76.33,1,2,Delayed
SHP-000716,2025-10-19,Munich,Leipzig,UPS,310,111.1,178.69,2,2,On time
SHP-001736,2025-10-19,Munich,Cologne,DB Schenker,114,78.2,60.83,1,3,Delayed
SHP-001578,2025-10-19,Leipzig,Berlin,UPS,603,23.2,273.56,3,3,On time
SHP-001012,2025-10-19,Munich,Munich,Kuehne+Nagel,583,36.3,269.65,2,2,On time
SHP-002206,2025-10-19,Cologne,Frankfurt,Kuehne+Nagel,284,155.1,145.64,2,4,Delayed
SHP-002296,2025-10-20,Hamburg,Hamburg,DHL,244,67.8,151.05,1,2,Delayed
SHP-000596,2025-10-20,Hamburg,Hamburg,UPS,734,67.4,320.1,3,3,On time
SHP-000852,2025-10-20,Hamburg,Frankfurt,DHL,896,70.4,407.87,3,3,On time
SHP-002497,2025-10-20,Munich,Hamburg,DHL,729,60.4,331.66,3,5,Delayed
SHP-000591,2025-10-20,Frankfurt,Munich,UPS,378,81.8,172.56,2,3,Delayed
SHP-000686,2025-10-20,Hamburg,Frankfurt,UPS,905,44.6,405.18,3,3,On time
SHP-001087,2025-10-20,Frankfurt,Frankfurt,Kuehne+Nagel,473,196.4,265.31,2,2,On time
SHP-000860,2025-10-20,Leipzig,Berlin,UPS,538,108.5,273.09,2,2,On time
SHP-001260,2025-10-20,Frankfurt,Cologne,DHL,567,61.9,251.86,2,3,Delayed
SHP-001284,2025-10-20,Frankfurt,Leipzig,DHL,740,88.7,353.93,3,5,Delayed
SHP-000428,2025-10-21,Cologne,Hamburg,UPS,359,17.8,153.79,2,2,On time
SHP-001199,2025-10-21,Frankfurt,Leipzig,UPS,331,60.0,137.0,2,2,On time
SHP-001749,2025-10-21,Leipzig,Cologne,Kuehne+Nagel,873,192.1,444.61,3,3,On time
SHP-000654,2025-10-21,Hamburg,Cologne,DB Schenker,769,114.8,401.69,3,4,Delayed
SHP-000551,2025-10-21,Cologne,Leipzig,Kuehne+Nagel,807,29.7,381.65,3,3,On time
SHP-002093,2025-10-21,Munich,Berlin,DHL,143,32.1,283.08,1,2,Delayed
SHP-000092,2025-10-21,Cologne,Hamburg,UPS,409,21.8,193.43,2,2,On time
SHP-000472,2025-10-21,Hamburg,Hamburg,Kuehne+Nagel,124,291.0,111.54,1,2,Delayed
SHP-000103,2025-10-21,Hamburg,Frankfurt,UPS,759,20.1,341.63,3,3,On time
SHP-001334,2025-10-22,Munich,Cologne,UPS,654,17.9,841.7919999999999,3,4,Delayed
SHP-000291,2025-10-22,Berlin,Berlin,DHL,895,36.3,372.23,3,3,On time
SHP-001001,2025-10-23,Munich,Leipzig,UPS,133,53.7,94.4,1,2,Delayed
SHP-001219,2025-10-23,Hamburg,Berlin,Kuehne+Nagel,673,64.9,304.06,3,5,Delayed
SHP-000227,2025-10-23,Hamburg,Munich,DB Schenker,198,52.0,102.03,1,2,Delayed
SHP-000837,2025-10-23,Munich,Munich,DB Schenker,535,48.5,240.3,2,3,Delayed
SHP-000336,2025-10-23,Munich,Leipzig,Kuehne+Nagel,552,44.9,216.92,2,3,Delayed
SHP-002161,2025-10-23,Cologne,Munich,Kuehne+Nagel,803,33.3,372.98,3,3,On time
SHP-001574,2025-10-24,Berlin,Cologne,DB Schenker,899,74.0,386.12,3,4,Delayed
SHP-002159,2025-10-24,Frankfurt,Leipzig,DB Schenker,445,67.6,221.99,2,2,On time
SHP-000885,2025-10-24,Cologne,Leipzig,DHL,774,74.8,367.53,3,3,On time
SHP-002196,2025-10-25,Frankfurt,Leipzig,UPS,806,46.5,359.3,3,3,On time
SHP-001426,2025-10-25,Berlin,Munich,DHL,577,34.1,246.89,2,3,Delayed
SHP-000166,2025-10-25,Frankfurt,Leipzig,DB Schenker,546,136.7,280.32,2,3,Delayed
SHP-000741,2025-10-26,Cologne,Frankfurt,DB Schenker,261,35.3,140.74,2,2,On time
SHP-000514,2025-10-26,Hamburg,Cologne,DHL,720,318.4,352.81,3,3,On time
SHP-001964,2025-10-26,Hamburg,Berlin,DB Schenker,650,20.6,267.63,3,4,Delayed
SHP-001843,2025-10-26,Cologne,Berlin,Kuehne+Nagel,486,66.8,228.61,2,2,On time
SHP-001965,2025-10-26,Frankfurt,Leipzig,DB Schenker,467,215.1,240.36,2,3,Delayed
SHP-001535,2025-10-26,Frankfurt,Hamburg,Kuehne+Nagel,450,94.2,211.34,2,3,Delayed
SHP-001025,2025-10-27,Munich,Leipzig,Kuehne+Nagel,333,23.1,161.5,2,2,On time
SHP-002338,2025-10-27,Cologne,Frankfurt,DHL,138,93.2,56.0,1,1,On time
SHP-000849,2025-10-27,Frankfurt,Cologne,UPS,185,47.6,132.66,1,1,On time
SHP-001231,2025-10-27,Berlin,Berlin,UPS,707,33.6,315.78,3,3,On time
SHP-002288,2025-10-27,Hamburg,Leipzig,DHL,89,13.7,57.8,1,2,Delayed
SHP-000867,2025-10-27,Berlin,Leipzig,UPS,620,64.7,281.76,3,3,On time
SHP-000149,2025-10-27,Munich,Hamburg,DHL,894,22.1,384.59,3,4,Delayed
SHP-001264,2025-10-28,Cologne,Berlin,UPS,633,59.8,308.29,3,3,On time
SHP-002372,2025-10-28,Berlin,Leipzig,DB Schenker,912,66.0,408.34,3,3,On time
SHP-000028,2025-10-28,Berlin,Hamburg,DHL,905,114.2,420.89,3,3,On time
SHP-002326,2025-10-28,Munich,Munich,DB Schenker,442,10.1,199.43,2,2,On time
SHP-001587,2025-10-28,Berlin,Berlin,DB Schenker,314,114.5,157.62,2,3,Delayed
SHP-002334,2025-10-28,Hamburg,Munich,DHL,285,75.5,124.31,2,2,On time
SHP-000794,2025-10-29,Leipzig,Leipzig,Kuehne+Nagel,331,31.1,138.07,2,4,Delayed
SHP-000605,2025-10-29,Frankfurt,Hamburg,DHL,689,155.5,369.94,3,4,Delayed
SHP-002424,2025-10-29,Berlin,Hamburg,Kuehne+Nagel,670,79.2,298.71,3,3,On time
SHP-001040,2025-10-29,Cologne,Frankfurt,Kuehne+Nagel,799,165.8,409.21,3,4,Delayed
SHP-000302,2025-10-29,Cologne,Berlin,DHL,467,51.8,199.43,2,2,On time
SHP-001987,2025-10-29,Frankfurt,Berlin,Kuehne+Nagel,552,109.6,264.62,2,2,On time
SHP-002081,2025-10-29,Berlin,Cologne,DHL,248,61.7,121.01,1,2,Delayed
SHP-001923,2025-10-29,Hamburg,Leipzig,Kuehne+Nagel,744,66.5,302.89,3,3,On time
SHP-000433,2025-10-29,Hamburg,Hamburg,DHL,221,39.5,107.91,1,2,Delayed
SHP-000524,2025-10-29,Cologne,Hamburg,DB Schenker,252,71.9,116.96,2,3,Delayed
SHP-001603,2025-10-29,Hamburg,Berlin,DHL,245,64.5,137.75,1,1,On time
SHP-002406,2025-10-30,Leipzig,Hamburg,DHL,638,63.4,296.65,3,4,Delayed
SHP-000482,2025-10-30,Munich,Munich,DB Schenker,132,90.7,107.32,1,2,Delayed
SHP-001971,2025-10-30,Munich,Leipzig,DHL,429,186.2,241.88,2,3,Delayed
SHP-000334,2025-10-30,Munich,Leipzig,DB Schenker,554,34.5,240.53,2,3,Delayed
SHP-002455,2025-10-30,Cologne,Leipzig,Kuehne+Nagel,406,15.5,198.34,2,4,Delayed
SHP-000038,2025-10-30,Hamburg,Frankfurt,DB Schenker,513,71.7,236.72,2,2,On time
SHP-000553,2025-10-30,Munich,Hamburg,Kuehne+Nagel,733,136.3,342.39,3,4,Delayed
SHP-000101,2025-10-31,Frankfurt,Frankfurt,UPS,831,58.3,366.06,3,3,On time
SHP-002246,2025-10-31,Hamburg,Frankfurt,Kuehne+Nagel,345,91.8,179.72,2,3,Delayed
SHP-000388,2025-10-31,Frankfurt,Leipzig,Kuehne+Nagel,135,34.9,106.15,1,1,On time
SHP-002286,2025-10-31,Hamburg,Hamburg,UPS,392,59.2,181.34,2,2,On time
SHP-000545,2025-10-31,Munich,Hamburg,DHL,244,119.2,143.17,1,2,Delayed
SHP-000090,2025-10-31,Berlin,Leipzig,Kuehne+Nagel,380,161.5,178.45,2,4,Delayed
SHP-000084,2025-10-31,Hamburg,Berlin,Kuehne+Nagel,653,49.1,314.72,3,3,On time
SHP-001097,2025-11-01,Hamburg,Munich,UPS,375,65.7,182.29,2,2,On time
SHP-000582,2025-11-01,Munich,Munich,DB Schenker,793,26.6,331.9,3,4,Delayed
SHP-001865,2025-11-01,Hamburg,Leipzig,DB Schenker,583,94.1,272.03,2,3,Delayed
SHP-001933,2025-11-01,Hamburg,Cologne,DB Schenker,861,51.7,397.18,3,3,On time
SHP-000611,2025-11-01,Frankfurt,Berlin,UPS,549,52.9,256.44,2,3,Delayed
SHP-001080,2025-11-02,Hamburg,Cologne,DHL,147,238.9,128.39,1,1,On time
SHP-000868,2025-11-02,Berlin,Leipzig,DHL,330,81.8,216.02,2,2,On time
SHP-000589,2025-11-02,Hamburg,Frankfurt,DHL,281,167.1,143.71,2,3,Delayed
SHP-000816,2025-11-02,Cologne,Cologne,Kuehne+Nagel,816,32.5,986.3,3,3,On time
SHP-001650,2025-11-02,Munich,Frankfurt,Kuehne+Nagel,419,19.6,171.91,2,2,On time
SHP-001016,2025-11-02,Leipzig,Hamburg,DB Schenker,925,25.5,361.56,3,3,On time
SHP-001969,2025-11-03,Frankfurt,Berlin,DHL,853,65.1,388.71,3,3,On time
SHP-002457,2025-11-03,Leipzig,Cologne,DHL,219,75.1,104.7,1,2,Delayed
SHP-000019,2025-11-03,Munich,Munich,DB Schenker,204,43.5,135.85,1,1,On time
SHP-000513,2025-11-03,Cologne,Frankfurt,DB Schenker,119,84.6,89.98,1,2,Delayed
SHP-000459,2025-11-03,Hamburg,Munich,DB Schenker,525,54.2,230.84,2,2,On time
SHP-002208,2025-11-03,Leipzig,Leipzig,UPS,556,52.7,278.98,2,2,On time
SHP-000963,2025-11-03,Berlin,Cologne,UPS,834,106.7,376.79,3,4,Delayed
SHP-001125,2025-11-03,Frankfurt,Cologne,Kuehne+Nagel,804,127.0,349.19,3,4,Delayed
SHP-002451,2025-11-03,Frankfurt,Munich,UPS,367,116.9,189.72,2,4,Delayed
SHP-001659,2025-11-03,Hamburg,Cologne,DB Schenker,253,56.6,144.71,2,4,Delayed
SHP-001086,2025-11-03,Frankfurt,Frankfurt,Kuehne+Nagel,268,64.1,132.93,2,2,On time
SHP-001961,2025-11-03,Berlin,Frankfurt,Kuehne+Nagel,169,49.4,83.9,1,2,Delayed
SHP-001093,2025-11-04,Hamburg,Hamburg,UPS,936,140.8,433.06,3,3,On time
SHP-001024,2025-11-04,Berlin,Munich,UPS,227,148.8,146.68,1,1,On time
SHP-000590,2025-11-04,Berlin,Berlin,DHL,486,106.2,243.73,2,3,Delayed
SHP-000093,2025-11-04,Hamburg,Leipzig,DB Schenker,542,116.8,285.97,2,2,On time
SHP-001500,2025-11-04,Berlin,Berlin,DB Schenker,532,71.0,294.27,2,3,Delayed
SHP-001126,2025-11-04,Munich,Frankfurt,DB Schenker,726,132.8,395.03,3,4,Delayed
SHP-002168,2025-11-04,Munich,Frankfurt,UPS,200,44.7,118.03,1,2,Delayed
SHP-000723,2025-11-05,Munich,Munich,Kuehne+Nagel,754,37.0,332.12,3,5,Delayed
SHP-001844,2025-11-05,Berlin,Hamburg,UPS,303,100.5,157.0,2,2,On time
SHP-001144,2025-11-05,Leipzig,Munich,DHL,507,48.9,216.63,2,2,On time
SHP-001884,2025-11-05,Frankfurt,Leipzig,UPS,570,19.5,271.1,2,2,On time
SHP-000775,2025-11-05,Frankfurt,Berlin,UPS,291,214.9,187.54,2,2,On time
SHP-000361,2025-11-05,Munich,Leipzig,DB Schenker,248,269.0,141.25,1,3,Delayed
SHP-001599,2025-11-05,Berlin,Hamburg,DB Schenker,770,35.8,344.19,3,5,Delayed
SHP-000865,2025-11-05,Hamburg,Frankfurt,Kuehne+Nagel,220,50.4,113.64,1,1,On time
SHP-002036,2025-11-05,Berlin,Leipzig,DHL,521,71.4,253.98,2,3,Delayed
SHP-002439,2025-11-05,Frankfurt,Berlin,UPS,337,102.6,180.85,2,2,On time
SHP-002149,2025-11-06,Frankfurt,Cologne,UPS,334,130.0,180.45,2,2,On time
SHP-001163,2025-11-06,Munich,Cologne,UPS,922,132.9,435.89,3,4,Delayed
SHP-000650,2025-11-06,Berlin,Hamburg,DB Schenker,174,31.5,106.43,1,2,Delayed
SHP-000477,2025-11-06,Munich,Leipzig,DB Schenker,510,28.4,226.13,2,3,Delayed
SHP-001657,2025-11-06,Berlin,Munich,Kuehne+Nagel,694,41.1,324.01,3,3,On time
SHP-001863,2025-11-06,Berlin,Leipzig,DHL,512,94.8,253.77,2,2,On time
SHP-001158,2025-11-07,Leipzig,Berlin,DHL,881,220.0,430.65,3,3,On time
SHP-000560,2025-11-07,Munich,Leipzig,Kuehne+Nagel,317,52.1,140.43,2,2,On time
SHP-001548,2025-11-07,Hamburg,Cologne,DB Schenker,296,43.9,147.28,2,3,Delayed
SHP-000297,2025-11-07,Munich,Hamburg,Kuehne+Nagel,837,39.5,339.94,3,3,On time
SHP-000882,2025-11-07,Leipzig,Berlin,DB Schenker,764,77.3,318.35,3,4,Delayed
SHP-001150,2025-11-07,Frankfurt,Leipzig,UPS,721,478.0,415.88,3,3,On time
SHP-001856,2025-11-07,Leipzig,Munich,Kuehne+Nagel,796,167.7,391.71,3,4,Delayed
SHP-000856,2025-11-07,Berlin,Hamburg,UPS,463,346.0,264.47,2,3,Delayed
SHP-001896,2025-11-07,Cologne,Cologne,DHL,525,170.9,269.19,2,3,Delayed
SHP-001465,2025-11-07,Berlin,Frankfurt,Kuehne+Nagel,253,203.3,111.59,2,2,On time
SHP-002319,2025-11-07,Munich,Berlin,UPS,544,182.0,278.56,2,2,On time
SHP-001007,2025-11-07,Leipzig,Hamburg,DHL,808,316.0,412.04,3,4,Delayed
SHP-000780,2025-11-07,Berlin,Leipzig,DHL,714,47.3,319.9,3,3,On time
SHP-000643,2025-11-08,Frankfurt,Hamburg,DB Schenker,472,82.7,241.59,2,4,Delayed
SHP-001401,2025-11-08,Munich,Frankfurt,UPS,530,68.7,248.11,2,3,Delayed
SHP-000835,2025-11-08,Leipzig,Leipzig,DHL,143,272.5,131.21,1,2,Delayed
SHP-000146,2025-11-08,Hamburg,Cologne,UPS,84,372.0,113.79,1,2,Delayed
SHP-001314,2025-11-08,Hamburg,Berlin,UPS,465,19.3,232.07,2,2,On time
SHP-002150,2025-11-08,Cologne,Berlin,DHL,308,141.4,179.95,2,2,On time
SHP-002377,2025-11-08,Cologne,Frankfurt,Kuehne+Nagel,439,221.9,237.84,2,2,On time
SHP-001310,2025-11-08,Cologne,Munich,DHL,607,50.8,314.99,3,4,Delayed
SHP-001127,2025-11-08,Hamburg,Leipzig,DHL,750,96.8,339.57,3,3,On time
SHP-001552,2025-11-08,Berlin,Berlin,DB Schenker,422,61.3,204.09,2,3,Delayed
SHP-000125,2025-11-09,Leipzig,Munich,Kuehne+Nagel,881,405.3,437.24,3,4,Delayed
SHP-002153,2025-11-09,Hamburg,Frankfurt,DB Schenker,368,178.6,177.2,2,2,On time
SHP-001042,2025-11-09,Cologne,Cologne,DB Schenker,584,89.9,290.95,2,2,On time
SHP-001347,2025-11-09,Cologne,Berlin,DHL,751,55.6,386.62,3,4,Delayed
SHP-000232,2025-11-09,Leipzig,Frankfurt,DHL,534,107.9,249.19,2,3,Delayed
SHP-001560,2025-11-09,Munich,Berlin,UPS,596,58.5,276.47,2,2,On time
SHP-000151,2025-11-09,Munich,Berlin,Kuehne+Nagel,846,186.5,403.98,3,4,Delayed
SHP-001292,2025-11-10,Cologne,Munich,UPS,233,234.7,172.78,1,1,On time
SHP-000610,2025-11-10,Cologne,Munich,UPS,285,31.4,135.36,2,2,On time
SHP-000037,2025-11-10,Leipzig,Hamburg,DHL,363,86.8,194.36,2,2,On time
SHP-001247,2025-11-10,Hamburg,Frankfurt,DB Schenker,470,17.2,226.37,2,3,Delayed
SHP-000006,2025-11-10,Munich,Leipzig,Kuehne+Nagel,180,54.5,99.93,1,2,Delayed
SHP-001706,2025-11-10,Cologne,Leipzig,DB Schenker,782,219.4,404.08,3,5,Delayed
SHP-001486,2025-11-11,Frankfurt,Munich,UPS,375,129.9,603.1479999999999,2,2,On time
SHP-002198,2025-11-11,Berlin,Frankfurt,Kuehne+Nagel,157,72.7,81.93,1,1,On time
SHP-001419,2025-11-11,Cologne,Cologne,Kuehne+Nagel,132,20.4,85.99,1,1,On time
SHP-000668,2025-11-11,Munich,Cologne,Kuehne+Nagel,313,132.2,140.23,2,2,On time
SHP-001589,2025-11-11,Cologne,Frankfurt,Kuehne+Nagel,935,42.8,401.43,3,3,On time
SHP-001735,2025-11-11,Hamburg,Cologne,DHL,305,181.9,162.6,2,3,Delayed
SHP-002482,2025-11-11,Frankfurt,Cologne,UPS,914,93.9,415.73,3,3,On time
SHP-002098,2025-11-11,Frankfurt,Berlin,UPS,84,35.7,68.85,1,1,On time
SHP-002332,2025-11-11,Leipzig,Leipzig,UPS,173,27.7,90.9,1,1,On time
SHP-001734,2025-11-12,Munich,Hamburg,DHL,310,40.9,151.49,2,2,On time
SHP-000829,2025-11-12,Leipzig,Hamburg,DHL,421,17.5,201.49,2,3,Delayed
SHP-000427,2025-11-12,Berlin,Cologne,UPS,616,32.9,306.65,3,3,On time
SHP-001521,2025-11-12,Leipzig,Hamburg,Kuehne+Nagel,195,35.0,104.01,1,2,Delayed
SHP-001280,2025-11-12,Munich,Hamburg,UPS,468,208.6,248.17,2,2,On time
SHP-001509,2025-11-12,Berlin,Hamburg,DB Schenker,245,75.1,140.4,1,1,On time
SHP-001325,2025-11-13,Munich,Berlin,DB Schenker,596,53.0,280.06,2,4,Delayed
SHP-001214,2025-11-13,Hamburg,Berlin,Kuehne+Nagel,274,73.9,142.78,2,2,On time
SHP-000504,2025-11-13,Munich,Berlin,DB Schenker,915,177.1,447.44,3,4,Delayed
SHP-000492,2025-11-13,Berlin,Hamburg,DB Schenker,635,214.1,305.27,3,4,Delayed
SHP-001023,2025-11-14,Frankfurt,Munich,DHL,800,214.0,388.29,3,4,Delayed
SHP-002105,2025-11-14,Frankfurt,Hamburg,DB Schenker,263,155.4,156.19,2,3,Delayed
SHP-000921,2025-11-15,Hamburg,Leipzig,DHL,529,75.4,224.48,2,2,On time
SHP-001658,2025-11-15,Cologne,Hamburg,UPS,342,295.2,197.92,2,3,Delayed
SHP-002390,2025-11-15,Leipzig,Leipzig,DHL,498,42.5,235.48,2,2,On time
SHP-001824,2025-11-16,Leipzig,Cologne,DHL,310,64.2,125.7,2,2,On time
SHP-001245,2025-11-16,Cologne,Munich,DHL,290,126.3,153.77,2,2,On time
SHP-002142,2025-11-16,Hamburg,Leipzig,DHL,108,227.3,98.59,1,2,Delayed
SHP-001898,2025-11-16,Cologne,Frankfurt,DHL,304,51.2,176.71,2,2,On time
SHP-001408,2025-11-16,Frankfurt,Hamburg,UPS,924,56.8,394.18,3,4,Delayed
SHP-001943,2025-11-16,Hamburg,Leipzig,Kuehne+Nagel,674,21.7,318.77,3,4,Delayed
SHP-000558,2025-11-16,Cologne,Munich,DHL,208,23.1,129.45,1,1,On time
SHP-002386,2025-11-16,Frankfurt,Berlin,DHL,256,17.1,157.83,2,2,On time
SHP-000396,2025-11-16,Cologne,Cologne,DB Schenker,547,167.7,283.28,2,2,On time
SHP-000812,2025-11-17,Frankfurt,Hamburg,UPS,429,253.0,234.58,2,3,Delayed
SHP-002227,2025-11-17,Frankfurt,Munich,DHL,165,112.0,119.44,1,3,Delayed
SHP-001716,2025-11-17,Hamburg,Berlin,Kuehne+Nagel,943,27.2,441.9,3,4,Delayed
SHP-000781,2025-11-17,Cologne,Leipzig,DHL,155,37.1,137.25,1,1,On time
SHP-002304,2025-11-17,Munich,Cologne,DHL,769,19.9,364.44,3,4,Delayed
SHP-001893,2025-11-17,Berlin,Cologne,DHL,90,75.3,62.85,1,3,Delayed
SHP-002001,2025-11-17,Hamburg,Cologne,UPS,682,101.3,289.42,3,4,Delayed
SHP-001201,2025-11-17,Berlin,Leipzig,Kuehne+Nagel,213,214.3,114.72,1,2,Delayed
SHP-001634,2025-11-18,Leipzig,Frankfurt,UPS,517,50.3,264.21,2,2,On time
SHP-000517,2025-11-18,Hamburg,Berlin,Kuehne+Nagel,543,92.6,260.29,2,4,Delayed
SHP-001792,2025-11-18,Cologne,Munich,DB Schenker,888,87.3,400.07,3,4,Delayed
SHP-001141,2025-11-18,Frankfurt,Leipzig,DHL,707,34.2,347.76,3,4,Delayed
SHP-001713,2025-11-18,Frankfurt,Cologne,UPS,441,162.3,250.11,2,2,On time
SHP-001371,2025-11-18,Leipzig,Munich,DB Schenker,119,70.3,101.24,1,2,Delayed
SHP-001815,2025-11-19,Munich,Leipzig,DHL,734,91.7,322.62,3,4,Delayed
SHP-000904,2025-11-19,Hamburg,Cologne,DHL,936,37.0,408.84,3,3,On time
SHP-002240,2025-11-19,Leipzig,Berlin,Kuehne+Nagel,533,43.3,267.53,2,3,Delayed
SHP-001004,2025-11-20,Leipzig,Frankfurt,DHL,255,71.6,159.62,2,2,On time
SHP-000375,2025-11-20,Munich,Berlin,DB Schenker,413,23.2,218.28,2,2,On time
SHP-001324,2025-11-20,Leipzig,Cologne,UPS,235,129.4,141.64,1,1,On time
SHP-002091,2025-11-20,Cologne,Frankfurt,DB Schenker,683,37.1,293.53,3,4,Delayed
SHP-001752,2025-11-20,Leipzig,Berlin,DHL,415,21.6,180.38,2,2,On time
SHP-001375,2025-11-20,Frankfurt,Hamburg,DHL,620,151.3,319.07,3,3,On time
SHP-002498,2025-11-21,Frankfurt,Hamburg,Kuehne+Nagel,792,41.8,371.49,3,5,Delayed
SHP-001912,2025-11-21,Hamburg,Leipzig,DHL,591,56.2,281.88,2,3,Delayed
SHP-002452,2025-11-21,Munich,Munich,UPS,123,188.9,154.42,1,1,On time
SHP-001692,2025-11-21,Berlin,Cologne,Kuehne+Nagel,378,85.7,166.06,2,3,Delayed
SHP-001606,2025-11-21,Cologne,Munich,DHL,473,68.4,227.97,2,3,Delayed
SHP-000565,2025-11-21,Cologne,Berlin,UPS,695,432.6,383.32,3,3,On time
SHP-000035,2025-11-21,Cologne,Frankfurt,UPS,777,287.8,384.43,3,4,Delayed
SHP-000048,2025-11-22,Leipzig,Frankfurt,DB Schenker,588,41.6,283.06,2,3,Delayed
SHP-002300,2025-11-22,Munich,Hamburg,Kuehne+Nagel,563,89.1,261.99,2,3,Delayed
SHP-001389,2025-11-22,Cologne,Berlin,DHL,201,215.6,133.62,1,1,On time
SHP-000358,2025-11-22,Frankfurt,Leipzig,Kuehne+Nagel,758,35.3,348.48,3,4,Delayed
SHP-002471,2025-11-22,Frankfurt,Hamburg,UPS,824,20.1,380.74,3,3,On time
SHP-000362,2025-11-22,Leipzig,Leipzig,DHL,889,17.5,392.91,3,3,On time
SHP-002042,2025-11-22,Leipzig,Cologne,DHL,627,33.5,279.95,3,4,Delayed
SHP-000389,2025-11-22,Munich,Cologne,DB Schenker,209,106.7,124.67,1,2,Delayed
SHP-002446,2025-11-23,Cologne,Frankfurt,UPS,709,24.5,322.05,3,3,On time
SHP-001304,2025-11-23,Cologne,Frankfurt,DHL,98,195.3,98.2,1,1,On time
SHP-000364,2025-11-23,Berlin,Munich,DHL,612,26.3,259.12,3,4,Delayed
SHP-002061,2025-11-23,Cologne,Munich,DHL,504,129.3,241.92,2,3,Delayed
SHP-000579,2025-11-23,Leipzig,Hamburg,Kuehne+Nagel,259,64.9,152.94,2,2,On time
SHP-000828,2025-11-24,Cologne,Hamburg,DHL,263,55.5,155.21,2,3,Delayed
SHP-001632,2025-11-24,Berlin,Munich,UPS,889,51.4,397.47,3,3,On time
SHP-000304,2025-11-24,Munich,Munich,DB Schenker,134,129.3,114.08,1,2,Delayed
SHP-001384,2025-11-24,Berlin,Berlin,DHL,475,31.7,211.28,2,2,On time
SHP-001878,2025-11-24,Hamburg,Leipzig,DB Schenker,309,80.4,185.57,2,4,Delayed
SHP-000095,2025-11-24,Berlin,Hamburg,DHL,345,105.7,171.23,2,3,Delayed
SHP-000740,2025-11-24,Munich,Leipzig,UPS,113,26.4,98.3,1,2,Delayed
SHP-001471,2025-11-24,Hamburg,Munich,Kuehne+Nagel,495,58.1,231.25,2,3,Delayed
SHP-001557,2025-11-24,Leipzig,Munich,DHL,816,90.5,371.36,3,3,On time
SHP-000179,2025-11-25,Cologne,Leipzig,DB Schenker,584,48.7,264.78,2,2,On time
SHP-001206,2025-11-26,Munich,Cologne,UPS,515,89.3,259.44,2,2,On time
SHP-001428,2025-11-26,Frankfurt,Cologne,UPS,213,29.7,94.67,1,2,Delayed
SHP-000220,2025-11-26,Hamburg,Berlin,DHL,222,80.6,94.0,1,1,On time
SHP-001826,2025-11-26,Cologne,Hamburg,Kuehne+Nagel,421,32.7,185.54,2,2,On time
SHP-001037,2025-11-26,Leipzig,Hamburg,DB Schenker,106,153.1,104.2,1,2,Delayed
SHP-001315,2025-11-26,Munich,Leipzig,UPS,412,52.8,213.14,2,2,On time
SHP-000592,2025-11-26,Hamburg,Hamburg,DHL,421,68.6,200.23,2,4,Delayed
SHP-001732,2025-11-26,Cologne,Munich,DB Schenker,887,94.9,434.38,3,4,Delayed
SHP-000067,2025-11-27,Leipzig,Cologne,DHL,776,86.7,351.91,3,4,Delayed
SHP-000345,2025-11-27,Munich,Hamburg,Kuehne+Nagel,477,223.6,224.03,2,3,Delayed
SHP-002287,2025-11-27,Cologne,Cologne,Kuehne+Nagel,568,396.0,315.25,2,4,Delayed
SHP-002068,2025-11-28,Berlin,Berlin,Kuehne+Nagel,692,42.0,332.7,3,3,On time
SHP-001154,2025-11-28,Berlin,Hamburg,DB Schenker,528,210.0,290.0,2,2,On time
SHP-001390,2025-11-28,Frankfurt,Hamburg,UPS,797,91.0,370.47,3,3,On time
SHP-001108,2025-11-28,Frankfurt,Leipzig,DB Schenker,683,20.5,316.42,3,4,Delayed
SHP-001287,2025-11-28,Cologne,Leipzig,Kuehne+Nagel,233,622.6,214.73,1,2,Delayed
SHP-001569,2025-11-28,Hamburg,Leipzig,UPS,722,83.8,308.47,3,3,On time
SHP-000202,2025-11-28,Munich,Leipzig,Kuehne+Nagel,771,50.1,357.43,3,3,On time
SHP-000843,2025-11-28,Hamburg,Frankfurt,Kuehne+Nagel,166,54.3,118.91,1,1,On time
SHP-000840,2025-11-29,Hamburg,Berlin,UPS,834,157.1,401.7,3,4,Delayed
SHP-002114,2025-11-29,Munich,Cologne,DB Schenker,533,28.7,231.85,2,2,On time
SHP-001507,2025-11-30,Cologne,Hamburg,Kuehne+Nagel,298,70.1,145.59,2,2,On time
SHP-002113,2025-11-30,Frankfurt,Berlin,DHL,764,133.4,342.85,3,3,On time
SHP-002164,2025-11-30,Frankfurt,Frankfurt,UPS,407,53.3,200.42,2,2,On time
SHP-001708,2025-11-30,Cologne,Leipzig,DB Schenker,895,39.3,412.24,3,3,On time
SHP-000943,2025-11-30,Frankfurt,Leipzig,DB Schenker,476,23.1,213.23,2,2,On time
SHP-002101,2025-11-30,Frankfurt,Berlin,Kuehne+Nagel,939,9.8,404.53,3,4,Delayed
SHP-001951,2025-12-01,Hamburg,Cologne,UPS,827,77.4,395.89,3,3,On time
SHP-001354,2025-12-01,Leipzig,Cologne,UPS,386,71.0,189.91,2,4,Delayed
SHP-000324,2025-12-01,Hamburg,Cologne,DHL,929,131.3,458.24,3,3,On time
SHP-001948,2025-12-01,Hamburg,Hamburg,DB Schenker,245,36.9,130.16,1,2,Delayed
SHP-002305,2025-12-01,Berlin,Hamburg,Kuehne+Nagel,681,141.1,304.83,3,4,Delayed
SHP-001170,2025-12-01,Hamburg,Frankfurt,DB Schenker,268,140.7,150.88,2,2,On time
SHP-000153,2025-12-01,Berlin,Berlin,Kuehne+Nagel,939,17.5,402.85,3,4,Delayed
SHP-000529,2025-12-01,Frankfurt,Cologne,DB Schenker,275,80.6,113.06,2,2,On time
SHP-000642,2025-12-01,Munich,Hamburg,DHL,434,37.4,217.6,2,2,On time
SHP-001530,2025-12-02,Berlin,Hamburg,DB Schenker,440,92.0,234.4,2,3,Delayed
SHP-002383,2025-12-02,Munich,Munich,UPS,513,193.0,272.69,2,2,On time
SHP-001081,2025-12-02,Leipzig,Hamburg,DB Schenker,846,98.4,407.83,3,3,On time
SHP-000669,2025-12-02,Leipzig,Hamburg,DB Schenker,795,91.4,363.43,3,4,Delayed
SHP-001564,2025-12-02,Frankfurt,Hamburg,DHL,528,176.7,287.5,2,2,On time
SHP-001103,2025-12-02,Munich,Leipzig,UPS,214,41.7,110.63,1,1,On time
SHP-000715,2025-12-02,Cologne,Munich,UPS,568,70.9,298.1,2,2,On time
SHP-000804,2025-12-02,Frankfurt,Frankfurt,Kuehne+Nagel,318,84.7,201.83,2,2,On time
SHP-001705,2025-12-02,Cologne,Berlin,DHL,338,54.8,153.58,2,2,On time
SHP-000969,2025-12-02,Cologne,Cologne,UPS,536,32.2,272.3,2,3,Delayed
SHP-001006,2025-12-03,Frankfurt,Munich,UPS,852,125.0,407.0,3,3,On time
SHP-000733,2025-12-03,Berlin,Leipzig,DB Schenker,668,118.0,305.55,3,3,On time
SHP-002014,2025-12-03,Hamburg,Berlin,DHL,871,86.4,371.25,3,3,On time
SHP-000530,2025-12-03,Berlin,Hamburg,Kuehne+Nagel,858,93.6,402.71,3,3,On time
SHP-001972,2025-12-03,Berlin,Hamburg,UPS,842,93.1,376.52,3,3,On time
SHP-000061,2025-12-03,Leipzig,Berlin,UPS,582,230.7,300.81,2,3,Delayed
SHP-000577,2025-12-04,Leipzig,Leipzig,DB Schenker,174,99.6,95.8,1,1,On time
SHP-001262,2025-12-04,Hamburg,Frankfurt,UPS,519,115.3,266.66,2,2,On time
SHP-000527,2025-12-04,Leipzig,Berlin,Kuehne+Nagel,178,72.0,102.42,1,1,On time
SHP-001679,2025-12-04,Leipzig,Leipzig,Kuehne+Nagel,480,129.0,233.21,2,2,On time
SHP-001623,2025-12-04,Hamburg,Frankfurt,DHL,937,68.7,440.76,3,3,On time
SHP-000264,2025-12-04,Leipzig,Hamburg,UPS,111,67.7,73.27,1,2,Delayed
SHP-001990,2025-12-04,Munich,Hamburg,DB Schenker,415,139.2,234.23,2,3,Delayed
SHP-001067,2025-12-04,Leipzig,Leipzig,UPS,447,46.1,226.21,2,2,On time
SHP-000452,2025-12-04,Cologne,Frankfurt,UPS,522,78.2,257.46,2,3,Delayed
SHP-000586,2025-12-04,Munich,Frankfurt,UPS,393,113.2,176.11,2,2,On time
SHP-002166,2025-12-04,Munich,Berlin,Kuehne+Nagel,799,328.1,397.25,3,4,Delayed
SHP-000499,2025-12-05,Hamburg,Cologne,Kuehne+Nagel,458,66.7,218.92,2,2,On time
SHP-001182,2025-12-05,Cologne,Munich,UPS,107,36.8,35.98,1,1,On time
SHP-000438,2025-12-05,Munich,Cologne,DHL,708,173.4,350.65,3,3,On time
SHP-000862,2025-12-05,Frankfurt,Frankfurt,DB Schenker,727,125.0,346.38,3,5,Delayed
SHP-000421,2025-12-05,Cologne,Berlin,UPS,363,108.1,231.09,2,2,On time
SHP-000024,2025-12-05,Hamburg,Munich,DB Schenker,429,74.6,198.38,2,3,Delayed
SHP-002413,2025-12-06,Leipzig,Hamburg,UPS,101,49.6,103.01,1,1,On time
SHP-002493,2025-12-06,Hamburg,Leipzig,UPS,942,124.6,433.9,3,4,Delayed
SHP-002500,2025-12-06,Cologne,Munich,Kuehne+Nagel,513,304.0,297.94,2,3,Delayed
SHP-000722,2025-12-06,Hamburg,Hamburg,UPS,300,46.3,154.19,2,3,Delayed
SHP-000693,2025-12-06,Leipzig,Munich,Kuehne+Nagel,663,110.3,312.92,3,4,Delayed
SHP-001143,2025-12-06,Hamburg,Cologne,DB Schenker,888,40.5,409.05,3,4,Delayed
SHP-001516,2025-12-06,Cologne,Munich,DB Schenker,203,201.4,124.84,1,1,On time
SHP-001751,2025-12-06,Hamburg,Leipzig,UPS,443,91.1,204.21,2,2,On time
SHP-002228,2025-12-07,Leipzig,Cologne,DHL,851,82.6,396.25,3,3,On time
SHP-001977,2025-12-07,Cologne,Frankfurt,DB Schenker,896,25.4,380.02,3,3,On time
SHP-001533,2025-12-07,Hamburg,Frankfurt,DB Schenker,313,128.8,162.11,2,3,Delayed
SHP-000470,2025-12-07,Berlin,Munich,Kuehne+Nagel,634,316.9,321.71,3,3,On time
SHP-000491,2025-12-07,Berlin,Frankfurt,UPS,476,19.6,229.3,2,3,Delayed
SHP-001273,2025-12-07,Frankfurt,Leipzig,UPS,538,103.7,256.56,2,2,On time
SHP-000348,2025-12-08,Hamburg,Munich,DHL,416,50.0,197.48,2,2,On time
SHP-000382,2025-12-08,Cologne,Cologne,DB Schenker,285,312.1,179.57,2,3,Delayed
SHP-000754,2025-12-08,Leipzig,Cologne,Kuehne+Nagel,403,53.9,158.65,2,3,Delayed
SHP-000409,2025-12-08,Leipzig,Frankfurt,Kuehne+Nagel,191,39.8,94.26,1,1,On time
SHP-001766,2025-12-08,Leipzig,Leipzig,Kuehne+Nagel,942,92.3,433.35,3,3,On time
SHP-002458,2025-12-08,Frankfurt,Berlin,UPS,404,84.5,239.06,2,2,On time
SHP-002148,2025-12-08,Berlin,Cologne,DHL,149,59.2,72.86,1,2,Delayed
SHP-002289,2025-12-08,Hamburg,Munich,DB Schenker,346,55.1,158.2,2,2,On time
SHP-002169,2025-12-08,Leipzig,Cologne,DB Schenker,720,48.8,324.5,3,4,Delayed
SHP-000764,2025-12-08,Frankfurt,Hamburg,Kuehne+Nagel,829,48.8,389.78,3,4,Delayed
SHP-000680,2025-12-08,Berlin,Berlin,DB Schenker,227,111.9,118.89,1,2,Delayed
SHP-001443,2025-12-08,Frankfurt,Hamburg,UPS,887,60.5,400.03,3,3,On time
SHP-001447,2025-12-09,Munich,Cologne,UPS,100,12.7,39.58,1,1,On time
SHP-001689,2025-12-09,Frankfurt,Hamburg,Kuehne+Nagel,116,33.5,67.74,1,2,Delayed
SHP-002233,2025-12-09,Hamburg,Hamburg,Kuehne+Nagel,743,36.4,321.08,3,4,Delayed
SHP-000319,2025-12-09,Munich,Hamburg,UPS,190,49.1,93.23,1,1,On time
SHP-000181,2025-12-09,Leipzig,Hamburg,Kuehne+Nagel,182,203.3,154.33,1,1,On time
SHP-000286,2025-12-09,Cologne,Berlin,DHL,182,27.8,114.91,1,1,On time
SHP-001109,2025-12-10,Leipzig,Frankfurt,DB Schenker,617,147.7,301.71,3,3,On time
SHP-000936,2025-12-10,Frankfurt,Cologne,UPS,607,94.0,306.45,3,4,Delayed
SHP-001910,2025-12-10,Leipzig,Hamburg,UPS,361,42.0,179.08,2,2,On time
SHP-001874,2025-12-10,Berlin,Hamburg,DHL,791,711.8,446.67,3,4,Delayed
SHP-001837,2025-12-10,Frankfurt,Frankfurt,Kuehne+Nagel,738,134.1,336.38,3,4,Delayed
SHP-000081,2025-12-10,Munich,Frankfurt,UPS,413,69.9,197.28,2,2,On time
SHP-002097,2025-12-10,Munich,Hamburg,DHL,862,18.4,370.84,3,3,On time
SHP-001681,2025-12-11,Frankfurt,Munich,DHL,648,157.2,330.08,3,3,On time
SHP-002397,2025-12-12,Cologne,Frankfurt,DB Schenker,819,23.3,357.5,3,4,Delayed
SHP-000694,2025-12-12,Munich,Berlin,DHL,246,323.5,161.76,1,1,On time
SHP-002221,2025-12-12,Frankfurt,Leipzig,Kuehne+Nagel,577,196.0,272.11,2,4,Delayed
SHP-002054,2025-12-12,Berlin,Berlin,Kuehne+Nagel,563,50.6,252.0,2,2,On time
SHP-000926,2025-12-12,Frankfurt,Cologne,UPS,932,23.3,411.06,3,3,On time
SHP-000949,2025-12-12,Berlin,Hamburg,Kuehne+Nagel,606,114.2,243.6,3,3,On time
SHP-000383,2025-12-12,Hamburg,Hamburg,UPS,569,21.2,286.04,2,2,On time
SHP-000965,2025-12-13,Berlin,Cologne,DHL,393,14.2,197.44,2,2,On time
SHP-001421,2025-12-13,Frankfurt,Hamburg,Kuehne+Nagel,896,100.8,421.24,3,3,On time
SHP-000571,2025-12-13,Munich,Cologne,Kuehne+Nagel,447,45.9,204.92,2,2,On time
SHP-002028,2025-12-13,Frankfurt,Leipzig,DHL,160,143.3,345.49199999999996,1,2,Delayed
SHP-000640,2025-12-13,Frankfurt,Leipzig,DHL,510,128.3,274.69,2,2,On time
SHP-001727,2025-12-13,Frankfurt,Frankfurt,DHL,470,77.9,235.25,2,2,On time
SHP-000763,2025-12-13,Munich,Munich,Kuehne+Nagel,724,158.5,350.7,3,5,Delayed
SHP-001295,2025-12-14,Berlin,Hamburg,Kuehne+Nagel,855,22.4,354.61,3,4,Delayed
SHP-002387,2025-12-14,Frankfurt,Cologne,DHL,681,32.6,345.88,3,3,On time
SHP-001269,2025-12-14,Hamburg,Hamburg,DHL,782,41.0,380.15,3,3,On time
SHP-000671,2025-12-14,Munich,Berlin,Kuehne+Nagel,627,44.7,264.19,3,3,On time
SHP-000340,2025-12-14,Frankfurt,Leipzig,DHL,925,79.1,442.53,3,3,On time
SHP-002122,2025-12-14,Leipzig,Cologne,DHL,945,84.3,426.02,3,4,Delayed
SHP-000776,2025-12-14,Munich,Cologne,UPS,883,78.6,406.19,3,4,Delayed
SHP-001930,2025-12-14,Hamburg,Hamburg,DB Schenker,882,14.1,395.1,3,3,On time
SHP-001832,2025-12-14,Hamburg,Hamburg,UPS,315,61.6,129.1,2,3,Delayed
SHP-001934,2025-12-14,Frankfurt,Hamburg,DHL,179,27.3,93.68,1,1,On time
SHP-001440,2025-12-15,Berlin,Leipzig,UPS,523,76.9,248.12,2,2,On time
SHP-002389,2025-12-15,Cologne,Berlin,DB Schenker,373,22.0,190.3,2,2,On time
SHP-002165,2025-12-15,Leipzig,Berlin,UPS,351,79.3,194.89,2,2,On time
SHP-000293,2025-12-15,Munich,Munich,UPS,708,465.8,400.06,3,3,On time
SHP-000448,2025-12-15,Leipzig,Cologne,DB Schenker,512,44.8,238.06,2,2,On time
SHP-001784,2025-12-15,Berlin,Hamburg,Kuehne+Nagel,457,145.3,242.85,2,2,On time
SHP-000684,2025-12-16,Leipzig,Hamburg,DHL,130,97.2,67.99,1,2,Delayed
SHP-001054,2025-12-16,Leipzig,Berlin,DHL,700,115.1,320.57,3,3,On time
SHP-001083,2025-12-16,Leipzig,Berlin,Kuehne+Nagel,259,23.2,173.88,2,3,Delayed
SHP-000274,2025-12-16,Frankfurt,Cologne,DB Schenker,694,32.6,323.58,3,3,On time
SHP-000195,2025-12-17,Hamburg,Cologne,Kuehne+Nagel,893,114.6,441.35,3,3,On time
SHP-000751,2025-12-17,Cologne,Munich,DHL,374,27.8,169.29,2,3,Delayed
SHP-000649,2025-12-17,Berlin,Berlin,DB Schenker,940,289.9,446.21,3,4,Delayed
SHP-000683,2025-12-17,Frankfurt,Berlin,UPS,729,42.8,301.59,3,4,Delayed
SHP-001223,2025-12-17,Leipzig,Frankfurt,DB Schenker,733,20.1,325.63,3,3,On time
SHP-001376,2025-12-17,Leipzig,Berlin,DHL,604,185.7,315.7,3,3,On time
SHP-000451,2025-12-17,Munich,Berlin,Kuehne+Nagel,107,153.6,110.51,1,1,On time
SHP-001700,2025-12-17,Hamburg,Hamburg,UPS,287,18.5,138.59,2,3,Delayed
SHP-001939,2025-12-17,Leipzig,Berlin,DB Schenker,379,126.7,174.16,2,2,On time
SHP-001448,2025-12-17,Cologne,Cologne,UPS,401,33.4,177.19,2,2,On time
SHP-000515,2025-12-17,Cologne,Leipzig,DB Schenker,506,28.5,242.45,2,3,Delayed
SHP-001810,2025-12-17,Cologne,Hamburg,DHL,604,153.8,307.03,3,3,On time
SHP-002117,2025-12-17,Cologne,Berlin,DHL,334,93.6,171.06,2,3,Delayed
SHP-002363,2025-12-18,Leipzig,Cologne,DB Schenker,855,48.1,411.81,3,4,Delayed
SHP-000999,2025-12-18,Berlin,Berlin,Kuehne+Nagel,187,168.9,120.51,1,1,On time
SHP-000503,2025-12-18,Munich,Cologne,DHL,889,127.0,406.24,3,5,Delayed
SHP-001210,2025-12-18,Cologne,Cologne,UPS,819,95.7,369.37,3,4,Delayed
SHP-000337,2025-12-18,Berlin,Hamburg,Kuehne+Nagel,919,107.3,1160.656,3,4,Delayed
SHP-001243,2025-12-18,Leipzig,Munich,UPS,896,528.4,489.01,3,4,Delayed
SHP-002143,2025-12-18,Berlin,Hamburg,UPS,909,20.5,380.58,3,3,On time
SHP-000200,2025-12-18,Leipzig,Frankfurt,DB Schenker,183,65.5,95.94,1,2,Delayed
SHP-001377,2025-12-18,Leipzig,Munich,DB Schenker,684,70.3,321.98,3,3,On time
SHP-001369,2025-12-18,Leipzig,Hamburg,UPS,272,174.4,141.44,2,3,Delayed
SHP-000853,2025-12-18,Frankfurt,Cologne,UPS,172,52.9,130.03,1,1,On time
SHP-000466,2025-12-19,Munich,Frankfurt,DHL,595,303.7,297.16,2,2,On time
SHP-000609,2025-12-19,Munich,Munich,DB Schenker,863,52.5,379.79,3,3,On time
SHP-000861,2025-12-20,Munich,Munich,DB Schenker,936,106.0,409.39,3,5,Delayed
SHP-001567,2025-12-20,Munich,Leipzig,Kuehne+Nagel,823,123.4,374.96,3,4,Delayed
SHP-000417,2025-12-20,Hamburg,Leipzig,UPS,620,41.0,271.95,3,4,Delayed
SHP-000355,2025-12-20,Leipzig,Cologne,UPS,709,60.7,343.57,3,3,On time
SHP-000208,2025-12-20,Frankfurt,Hamburg,Kuehne+Nagel,344,39.6,165.71,2,2,On time
SHP-000064,2025-12-20,Hamburg,Frankfurt,UPS,435,58.5,207.93,2,3,Delayed
SHP-001226,2025-12-20,Berlin,Frankfurt,DB Schenker,941,109.4,418.99,3,4,Delayed
SHP-000797,2025-12-20,Frankfurt,Leipzig,DB Schenker,264,89.5,114.97,2,3,Delayed
SHP-001233,2025-12-21,Leipzig,Hamburg,Kuehne+Nagel,429,44.0,214.94,2,2,On time
SHP-000959,2025-12-21,Munich,Hamburg,DHL,811,23.6,357.94,3,4,Delayed
SHP-000404,2025-12-21,Frankfurt,Cologne,UPS,617,153.2,328.33,3,3,On time
SHP-001955,2025-12-21,Berlin,Leipzig,UPS,612,71.1,276.35,3,3,On time
SHP-000046,2025-12-21,Munich,Munich,DB Schenker,425,43.5,183.13,2,3,Delayed
SHP-000441,2025-12-22,Munich,Hamburg,Kuehne+Nagel,702,108.2,324.3,3,4,Delayed
SHP-000947,2025-12-22,Hamburg,Cologne,DHL,358,40.6,172.32,2,2,On time
SHP-000325,2025-12-22,Frankfurt,Leipzig,DHL,618,152.3,320.91,3,4,Delayed
SHP-000012,2025-12-23,Frankfurt,Munich,DB Schenker,821,46.8,366.93,3,3,On time
SHP-002270,2025-12-23,Cologne,Hamburg,DB Schenker,121,251.5,100.58,1,1,On time
SHP-001250,2025-12-23,Munich,Cologne,DHL,868,40.8,391.81,3,3,On time
SHP-001797,2025-12-23,Cologne,Berlin,DHL,467,33.6,222.08,2,3,Delayed
SHP-001649,2025-12-23,Frankfurt,Cologne,UPS,830,111.5,370.95,3,4,Delayed
SHP-001475,2025-12-23,Frankfurt,Berlin,Kuehne+Nagel,162,93.9,69.42,1,1,On time
SHP-002388,2025-12-23,Berlin,Leipzig,UPS,549,40.1,250.79,2,2,On time
SHP-002132,2025-12-23,Leipzig,Munich,Kuehne+Nagel,330,11.8,163.04,2,2,On time
SHP-000851,2025-12-24,Hamburg,Berlin,UPS,218,102.7,130.71,1,1,On time
SHP-000894,2025-12-24,Cologne,Munich,DB Schenker,244,21.7,123.77,1,2,Delayed
SHP-000914,2025-12-24,Frankfurt,Berlin,Kuehne+Nagel,161,83.4,94.81,1,1,On time
SHP-001746,2025-12-24,Berlin,Leipzig,UPS,323,136.5,134.6,2,2,On time
SHP-002230,2025-12-24,Leipzig,Hamburg,Kuehne+Nagel,658,198.5,317.87,3,4,Delayed
SHP-001381,2025-12-24,Cologne,Berlin,Kuehne+Nagel,832,139.9,356.75,3,4,Delayed
SHP-000594,2025-12-24,Cologne,Berlin,UPS,289,69.8,142.15,2,3,Delayed
SHP-002170,2025-12-24,Leipzig,Hamburg,Kuehne+Nagel,452,255.7,227.02,2,4,Delayed
SHP-001707,2025-12-25,Munich,Frankfurt,Kuehne+Nagel,868,97.7,399.56,3,3,On time
SHP-001676,2025-12-25,Hamburg,Leipzig,DB Schenker,383,127.7,222.4,2,2,On time
SHP-001830,2025-12-25,Leipzig,Cologne,Kuehne+Nagel,845,55.1,392.88,3,3,On time
SHP-001198,2025-12-25,Munich,Cologne,Kuehne+Nagel,438,45.4,213.32,2,3,Delayed
SHP-000141,2025-12-25,Munich,Cologne,DHL,288,78.4,151.46,2,3,Delayed
SHP-001228,2025-12-26,Frankfurt,Hamburg,UPS,538,17.3,248.06,2,2,On time
SHP-001203,2025-12-26,Munich,Hamburg,DB Schenker,297,205.5,177.74,2,2,On time
SHP-001393,2025-12-26,Hamburg,Berlin,DB Schenker,459,58.0,214.92,2,3,Delayed
SHP-000555,2025-12-26,Frankfurt,Hamburg,UPS,765,188.1,377.84,3,3,On time
SHP-001828,2025-12-26,Munich,Berlin,Kuehne+Nagel,449,293.9,236.34,2,3,Delayed
SHP-001457,2025-12-26,Leipzig,Leipzig,DHL,533,23.5,227.84,2,3,Delayed
SHP-001570,2025-12-26,Berlin,Frankfurt,UPS,167,67.7,89.98,1,1,On time
SHP-001246,2025-12-26,Leipzig,Leipzig,UPS,937,69.1,392.82,3,3,On time
SHP-002035,2025-12-26,Leipzig,Munich,UPS,105,86.6,100.84,1,2,Delayed
SHP-000772,2025-12-27,Leipzig,Frankfurt,Kuehne+Nagel,438,182.4,236.06,2,2,On time
SHP-001962,2025-12-27,Cologne,Cologne,DHL,374,88.6,182.53,2,3,Delayed
SHP-002039,2025-12-27,Leipzig,Hamburg,Kuehne+Nagel,805,77.0,338.24,3,4,Delayed
SHP-002379,2025-12-27,Hamburg,Frankfurt,UPS,664,130.1,300.04,3,3,On time
SHP-001747,2025-12-27,Berlin,Cologne,DHL,317,113.5,167.65,2,3,Delayed
SHP-000347,2025-12-28,Cologne,Cologne,DB Schenker,830,40.9,391.83,3,4,Delayed
SHP-001082,2025-12-28,Leipzig,Frankfurt,Kuehne+Nagel,745,27.3,346.43,3,5,Delayed
SHP-001620,2025-12-28,Berlin,Munich,Kuehne+Nagel,124,100.6,111.07,1,1,On time
SHP-002376,2025-12-28,Munich,Munich,UPS,657,44.5,334.8,3,3,On time
SHP-000265,2025-12-28,Frankfurt,Munich,DHL,257,71.0,118.7,2,2,On time
SHP-001088,2025-12-28,Hamburg,Frankfurt,DHL,679,96.0,317.43,3,3,On time
SHP-001998,2025-12-29,Hamburg,Berlin,UPS,417,34.3,206.29,2,2,On time
SHP-002260,2025-12-29,Berlin,Hamburg,UPS,683,113.5,313.57,3,3,On time
SHP-000145,2025-12-29,Frankfurt,Munich,DB Schenker,473,39.5,214.34,2,3,Delayed
SHP-002046,2025-12-29,Cologne,Berlin,Kuehne+Nagel,736,37.4,342.72,3,3,On time
SHP-001626,2025-12-29,Munich,Berlin,DB Schenker,518,65.5,249.56,2,3,Delayed
SHP-000356,2025-12-29,Cologne,Cologne,DB Schenker,147,152.5,98.1,1,2,Delayed
SHP-000161,2025-12-30,Berlin,Leipzig,UPS,458,35.0,233.23,2,2,On time
SHP-000810,2025-12-30,Leipzig,Hamburg,DHL,901,95.2,396.77,3,3,On time
SHP-001559,2025-12-30,Hamburg,Munich,Kuehne+Nagel,258,215.4,154.64,2,2,On time
SHP-000511,2025-12-30,Cologne,Frankfurt,UPS,401,109.8,168.51,2,3,Delayed
SHP-001422,2025-12-30,Berlin,Hamburg,Kuehne+Nagel,614,256.8,326.89,3,3,On time
SHP-001056,2025-12-30,Leipzig,Cologne,Kuehne+Nagel,469,198.7,232.83,2,3,Delayed
SHP-002173,2025-12-30,Berlin,Munich,UPS,263,571.6,190.58,2,3,Delayed
SHP-001117,2025-12-30,Leipzig,Munich,UPS,124,28.7,96.82,1,1,On time
SHP-000691,2025-12-30,Munich,Munich,Kuehne+Nagel,82,190.4,65.93,1,1,On time
SHP-002262,2025-12-31,Munich,Cologne,DHL,817,56.7,366.33,3,3,On time
SHP-000401,2025-12-31,Munich,Munich,UPS,521,48.1,225.99,2,3,Delayed
SHP-001169,2025-12-31,Cologne,Munich,DHL,450,18.4,177.01,2,3,Delayed
SHP-001336,2025-12-31,Berlin,Munich,DHL,710,18.4,280.76,3,3,On time
SHP-001346,2025-12-31,Leipzig,Cologne,DB Schenker,495,235.5,275.04,2,3,Delayed
SHP-002218,2025-12-31,Munich,Berlin,UPS,940,43.8,443.93,3,4,Delayed
SHP-000820,2025-12-31,Frankfurt,Frankfurt,DHL,110,99.1,64.32,1,1,On time
